-- Generated from India_Insurance_Database_Supabase_Import.xlsx
-- Generated at 2026-05-15T05:37:36.684523+00:00
-- Safe to rerun: master tables use upsert; child rows are refreshed for workbook products.

begin;

-- Import batch metadata
insert into public.product_import_batches (source_document_name, source_document_version, import_status, total_companies_detected, total_products_detected, total_products_added, total_products_updated, import_notes, completed_at) values ('India_Insurance_Database_Supabase_Import.xlsx', '2026 Edition', 'completed', 61, 39, 39, 0, 'Seed SQL generated from Excel workbook', now());

-- insurance_companies
insert into public.insurance_companies (company_name, company_slug, insurer_category, ownership_type, irdai_registration_no, established_year, headquarters, website, background, market_position, key_segments, status, source_document, source_page_refs) values
('Life Insurance Corporation of India (LIC)', 'lic', 'life', 'public', '512', 1956, 'Mumbai', 'licindia.in', 'Established in 1956 by nationalization of 154 private life insurers. India''s largest insurer by premium, assets and policy count.', 'Market share: ~61% of life insurance (new business premium). Largest institutional investor in India. Listed on BSE/NSE in 2022.', array['Individual Life', 'Group Life', 'Pension', 'Annuity', 'Micro Insurance', 'Social Security Schemes']::text[], 'active', 'India_Insurance_Database_2026.docx', array['Section 1.1', 'Section 2.1']::text[]),
('SBI Life Insurance', 'sbi-life', 'life', 'private', '111', 2001, 'Mumbai', 'sbilife.co.in', 'JV between State Bank of India (55.5%) and BNP Paribas Cardif. Largest private life insurer by new business premium.', 'Market share: ~10-11% private life insurance. Strongest bancassurance network via SBI''s 22,000+ branches.', array['Term', 'ULIP', 'Savings', 'Group', 'Pension']::text[], 'active', 'India_Insurance_Database_2026.docx', array['Section 1.1', 'Section 2.4']::text[]),
('HDFC Life Insurance', 'hdfc-life', 'life', 'private', '101', 2000, 'Mumbai', 'hdfclife.com', 'Joint venture between HDFC Ltd and Standard Life Aberdeen. Listed company; 2nd largest private life insurer by AUM.', 'Market share: ~9-10% private life insurance. Known for digital distribution and product innovation.', array['Term', 'Savings', 'ULIP', 'Pension', 'Group', 'Health']::text[], 'active', 'India_Insurance_Database_2026.docx', array['Section 1.1', 'Section 2.2']::text[]),
('ICICI Prudential Life Insurance', 'icici-pru-life', 'life', 'private', '105', 2001, 'Mumbai', 'iciciprulife.com', 'JV between ICICI Bank and Prudential plc (UK). Listed; pioneer of ULIP innovation in India.', 'Market share: ~7-8% private life insurance. Strong bancassurance via ICICI Bank.', array['Term', 'ULIP', 'Savings', 'Pension', 'Group']::text[], 'active', 'India_Insurance_Database_2026.docx', array['Section 1.1', 'Section 2.3']::text[]),
('Max Life Insurance', 'max-life', 'life', 'private', '104', 2001, 'New Delhi', 'maxlifeinsurance.com', 'Subsidiary of Max Financial Services. Known for highest CSR (99.51%) in India.', 'Market share: ~5-6% private life. Strong in North India; distributed via Axis Bank partnership.', array['Term', 'Savings', 'ULIP', 'Pension', 'Group']::text[], 'active', 'India_Insurance_Database_2026.docx', array['Section 1.1', 'Section 2.5']::text[]),
('Bajaj Allianz Life Insurance', 'bajaj-allianz-life', 'life', 'private', '116', 2001, 'Pune', 'bajajallianzlife.com', 'JV between Bajaj Finserv and Allianz SE (Germany). Pioneer of ULIPs; strong rural penetration.', 'Market share: ~4-5% private life. Diversified agent network.', array['Term', 'ULIP', 'Savings', 'Annuity', 'Group']::text[], 'active', 'India_Insurance_Database_2026.docx', array['Section 1.1', 'Section 2.6']::text[]),
('Kotak Mahindra Life Insurance', 'kotak-life', 'life', 'private', '107', 2001, 'Mumbai', 'kotaklife.com', null, null, array[]::text[], 'active', 'India_Insurance_Database_2026.docx', array['Section 1.1']::text[]),
('Tata AIA Life Insurance', 'tata-aia-life', 'life', 'private', '110', 2001, 'Mumbai', 'tataaia.com', null, null, array[]::text[], 'active', 'India_Insurance_Database_2026.docx', array['Section 1.1']::text[]),
('Aditya Birla Sun Life Insurance', 'absli', 'life', 'private', '109', 2001, 'Mumbai', 'adityabirlacapital.com', null, null, array[]::text[], 'active', 'India_Insurance_Database_2026.docx', array['Section 1.1']::text[]),
('PNB MetLife India Insurance', 'pnb-metlife', 'life', 'private', '117', 2001, 'Bengaluru', 'pnbmetlife.com', null, null, array[]::text[], 'active', 'India_Insurance_Database_2026.docx', array['Section 1.1']::text[]),
('Canara HSBC Life Insurance', 'canara-hsbc-life', 'life', 'private', '136', 2008, 'Gurugram', 'canarahsbclife.com', null, null, array[]::text[], 'active', 'India_Insurance_Database_2026.docx', array['Section 1.1']::text[]),
('IndiaFirst Life Insurance', 'indiafirst-life', 'life', 'private', '143', 2009, 'Mumbai', 'indiafirstlife.com', null, null, array[]::text[], 'active', 'India_Insurance_Database_2026.docx', array['Section 1.1']::text[]),
('Edelweiss Tokio Life Insurance', 'edelweiss-tokio-life', 'life', 'private', '147', 2011, 'Mumbai', 'edelweisstokio.in', null, null, array[]::text[], 'active', 'India_Insurance_Database_2026.docx', array['Section 1.1']::text[]),
('Future Generali India Life Insurance', 'future-generali-life', 'life', 'private', '133', 2007, 'Mumbai', 'futuregenerali.in', null, null, array[]::text[], 'active', 'India_Insurance_Database_2026.docx', array['Section 1.1']::text[]),
('Ageas Federal Life Insurance', 'ageas-federal-life', 'life', 'private', '135', 2007, 'Mumbai', 'ageasfederal.com', null, null, array[]::text[], 'active', 'India_Insurance_Database_2026.docx', array['Section 1.1']::text[]),
('Pramerica Life Insurance', 'pramerica-life', 'life', 'private', '140', 2008, 'Gurugram', 'dhflpramerica.com', null, null, array[]::text[], 'active', 'India_Insurance_Database_2026.docx', array['Section 1.1']::text[]),
('Star Union Dai-ichi Life Insurance', 'sud-life', 'life', 'private', '142', 2009, 'Mumbai', 'sudlife.in', null, null, array[]::text[], 'active', 'India_Insurance_Database_2026.docx', array['Section 1.1']::text[]),
('Bharti AXA Life Insurance', 'bharti-axa-life', 'life', 'private', '130', 2006, 'Mumbai', 'bhartiaxalife.com', null, null, array[]::text[], 'active', 'India_Insurance_Database_2026.docx', array['Section 1.1']::text[]),
('Exide Life Insurance', 'exide-life', 'life', 'private', '114', 2001, 'Bengaluru', 'exidelife.in', null, null, array[]::text[], 'active', 'India_Insurance_Database_2026.docx', array['Section 1.1']::text[]),
('Sahara India Life Insurance', 'sahara-life', 'life', 'private', '127', 2004, 'Lucknow', 'saharalife.com', null, null, array[]::text[], 'active', 'India_Insurance_Database_2026.docx', array['Section 1.1']::text[]),
('Shriram Life Insurance', 'shriram-life', 'life', 'private', '128', 2005, 'Hyderabad', 'shriramlife.com', null, null, array[]::text[], 'active', 'India_Insurance_Database_2026.docx', array['Section 1.1']::text[]),
('Aviva Life Insurance', 'aviva-life', 'life', 'private', '122', 2002, 'Gurugram', 'avivaindia.com', null, null, array[]::text[], 'active', 'India_Insurance_Database_2026.docx', array['Section 1.1']::text[]),
('Reliance Nippon Life Insurance', 'reliance-nippon-life', 'life', 'private', '121', 2001, 'Mumbai', 'reliancenipponlife.com', null, null, array[]::text[], 'active', 'India_Insurance_Database_2026.docx', array['Section 1.1']::text[]),
('Bandhan Life Insurance', 'bandhan-life', 'life', 'private', '160', 2023, 'Kolkata', 'bandhanlife.com', null, null, array[]::text[], 'active', 'India_Insurance_Database_2026.docx', array['Section 1.1']::text[]),
('Acko Life Insurance', 'acko-life', 'life', 'private', '161', 2023, 'Bengaluru', 'acko.com', null, null, array[]::text[], 'active', 'India_Insurance_Database_2026.docx', array['Section 1.1']::text[]),
('New India Assurance', 'new-india-assurance', 'general', 'public', '190', 1919, 'Mumbai', 'newindia.co.in', 'India''s oldest and largest public sector general insurer. Established 1919. International operations in 28 countries.', 'Market share: ~12-14% total general insurance. Largest public sector non-life insurer.', array['Motor', 'Health', 'Fire', 'Marine', 'Engineering', 'Aviation', 'Agriculture', 'Personal Lines']::text[], 'active', 'India_Insurance_Database_2026.docx', array['Section 1.2', 'Section 2.9']::text[]),
('United India Insurance', 'united-india-insurance', 'general', 'public', '545', 1938, 'Chennai', 'uiic.co.in', null, null, array[]::text[], 'active', 'India_Insurance_Database_2026.docx', array['Section 1.2']::text[]),
('Oriental Insurance', 'oriental-insurance', 'general', 'public', '556', 1947, 'New Delhi', 'orientalinsurance.org.in', null, null, array[]::text[], 'active', 'India_Insurance_Database_2026.docx', array['Section 1.2']::text[]),
('National Insurance Company', 'national-insurance', 'general', 'public', '058', 1906, 'Kolkata', 'nationalinsurance.nic.co.in', null, null, array[]::text[], 'active', 'India_Insurance_Database_2026.docx', array['Section 1.2']::text[]),
('Agriculture Insurance Company of India', 'aic-india', 'general', 'public', '126', 2002, 'New Delhi', 'aicofindia.com', null, null, array[]::text[], 'active', 'India_Insurance_Database_2026.docx', array['Section 1.2']::text[]),
('ECGC Ltd (Export Credit)', 'ecgc', 'general', 'public', 'P&GS', 1957, 'Mumbai', 'ecgc.in', null, null, array[]::text[], 'active', 'India_Insurance_Database_2026.docx', array['Section 1.2']::text[]),
('ICICI Lombard General Insurance', 'icici-lombard', 'general', 'private', '115', 2001, 'Mumbai', 'icicilombard.com', 'India''s largest private general insurer. Listed. JV: ICICI Bank + Fairfax Financial (Canada).', 'Market share: ~9% private general. Pioneer in digital insurance products.', array['Motor', 'Health', 'Travel', 'Home', 'Commercial Lines', 'Marine']::text[], 'active', 'India_Insurance_Database_2026.docx', array['Section 1.2', 'Section 2.7']::text[]),
('Bajaj Allianz General Insurance', 'bajaj-allianz-general', 'general', 'private', '113', 2001, 'Pune', 'bajajallianz.com', 'JV: Bajaj Finserv + Allianz SE. 2nd largest private general insurer. Strong motor insurance franchise.', 'Market share: ~7-8% private general.', array['Motor', 'Health', 'Travel', 'Home', 'Commercial', 'Agriculture']::text[], 'active', 'India_Insurance_Database_2026.docx', array['Section 1.2', 'Section 2.8']::text[]),
('HDFC ERGO General Insurance', 'hdfc-ergo', 'general', 'private', '146', 2002, 'Mumbai', 'hdfcergo.com', 'JV: HDFC Ltd + ERGO International (Munich Re Group). Strong health and motor books.', 'Market share: ~5-6% private general.', array['Motor', 'Health', 'Travel', 'Home', 'Commercial']::text[], 'active', 'India_Insurance_Database_2026.docx', array['Section 1.2', 'Section 2.11']::text[]),
('Tata AIG General Insurance', 'tata-aig', 'general', 'private', '108', 2001, 'Mumbai', 'tataaig.com', 'JV: Tata Sons + American International Group (AIG). Known for MediCare health plans and travel insurance.', 'Market share: ~4% private general insurance.', array['Motor', 'Health', 'Travel', 'Property', 'Marine', 'Aviation', 'Liability']::text[], 'active', 'India_Insurance_Database_2026.docx', array['Section 1.2', 'Section 2.10']::text[]),
('Reliance General Insurance', 'reliance-general', 'general', 'private', '103', 2000, 'Mumbai', 'reliancegeneral.co.in', null, null, array[]::text[], 'active', 'India_Insurance_Database_2026.docx', array['Section 1.2']::text[]),
('SBI General Insurance', 'sbi-general', 'general', 'private', '144', 2010, 'Mumbai', 'sbigeneral.in', null, null, array[]::text[], 'active', 'India_Insurance_Database_2026.docx', array['Section 1.2']::text[]),
('Cholamandalam MS General Insurance', 'chola-ms', 'general', 'private', '123', 2002, 'Chennai', 'cholainsurance.com', null, null, array[]::text[], 'active', 'India_Insurance_Database_2026.docx', array['Section 1.2']::text[]),
('Future Generali India Insurance', 'future-generali-general', 'general', 'private', '132', 2007, 'Mumbai', 'futuregenerali.in', null, null, array[]::text[], 'active', 'India_Insurance_Database_2026.docx', array['Section 1.2']::text[]),
('Iffco Tokio General Insurance', 'iffco-tokio', 'general', 'private', '106', 2000, 'Gurugram', 'iffcotokio.co.in', null, null, array[]::text[], 'active', 'India_Insurance_Database_2026.docx', array['Section 1.2']::text[]),
('Universal Sompo General Insurance', 'universal-sompo', 'general', 'private', '134', 2007, 'Mumbai', 'universalsompo.com', null, null, array[]::text[], 'active', 'India_Insurance_Database_2026.docx', array['Section 1.2']::text[]),
('Liberty General Insurance', 'liberty-general', 'general', 'private', '150', 2013, 'Mumbai', 'libertyinsurance.in', null, null, array[]::text[], 'active', 'India_Insurance_Database_2026.docx', array['Section 1.2']::text[]),
('Kotak Mahindra General Insurance', 'kotak-general', 'general', 'private', '152', 2015, 'Mumbai', 'kotakgeneral.com', null, null, array[]::text[], 'active', 'India_Insurance_Database_2026.docx', array['Section 1.2']::text[]),
('Raheja QBE General Insurance', 'raheja-qbe', 'general', 'private', '138', 2008, 'Mumbai', 'rahejaQBE.com', null, null, array[]::text[], 'active', 'India_Insurance_Database_2026.docx', array['Section 1.2']::text[]),
('Shriram General Insurance', 'shriram-general', 'general', 'private', '137', 2009, 'Jaipur', 'shriramgi.com', null, null, array[]::text[], 'active', 'India_Insurance_Database_2026.docx', array['Section 1.2']::text[]),
('Royal Sundaram General Insurance', 'royal-sundaram', 'general', 'private', '111', 2001, 'Chennai', 'royalsundaram.in', null, null, array[]::text[], 'active', 'India_Insurance_Database_2026.docx', array['Section 1.2']::text[]),
('Magma HDI General Insurance', 'magma-hdi', 'general', 'private', '139', 2009, 'Kolkata', 'magmahdi.com', null, null, array[]::text[], 'active', 'India_Insurance_Database_2026.docx', array['Section 1.2']::text[]),
('Zuno General Insurance', 'zuno-general', 'general', 'private', '156', 2018, 'Mumbai', 'zuno.com', null, null, array[]::text[], 'active', 'India_Insurance_Database_2026.docx', array['Section 1.2']::text[]),
('Acko General Insurance', 'acko-general', 'general', 'private', '157', 2017, 'Bengaluru', 'acko.com', null, null, array[]::text[], 'active', 'India_Insurance_Database_2026.docx', array['Section 1.2']::text[]),
('Go Digit General Insurance', 'go-digit', 'general', 'private', '158', 2017, 'Bengaluru', 'godigit.com', 'India''s first InsurTech unicorn. Founded by Kamesh Goyal (ex-Bajaj Allianz). Listed 2024.', 'Market share: ~3-4% general insurance. Fastest growing insurer 2020-2025.', array['Motor', 'Health', 'Travel', 'Home', 'Commercial', 'Cyber']::text[], 'active', 'India_Insurance_Database_2026.docx', array['Section 1.2', 'Section 2.14']::text[]),
('Navi General Insurance', 'navi-general', 'general', 'private', '155', 2016, 'Bengaluru', 'navi.com', null, null, array[]::text[], 'active', 'India_Insurance_Database_2026.docx', array['Section 1.2']::text[]),
('Aditya Birla Health Insurance (General)', 'aditya-birla-health-general', 'general', 'private', '153', 2016, 'Mumbai', 'adityabirlacapital.com', null, null, array[]::text[], 'active', 'India_Insurance_Database_2026.docx', array['Section 1.2']::text[]),
('Star Health & Allied Insurance', 'star-health', 'standalone_health', 'private', '129', 2006, 'Chennai', 'starhealth.in', 'India''s largest standalone health insurer. Listed. Pioneer in retail health insurance.', 'Market share: ~15-16% standalone health. Widest agent & hospital network in health segment.', array['Individual Health', 'Family Floater', 'Senior Citizen', 'Critical Illness', 'Accident', 'Travel Health']::text[], 'active', 'India_Insurance_Database_2026.docx', array['Section 1.3', 'Section 2.12']::text[]),
('Niva Bupa Health Insurance', 'niva-bupa', 'standalone_health', 'private', '141', 2008, 'New Delhi', 'nivabupa.com', 'Formerly Max Bupa; JV between True North (PE) and Bupa (UK). Listed in 2024.', 'Market share: ~8-9% standalone health.', array['Individual Health', 'Family Floater', 'Senior Citizen', 'Critical Illness', 'Maternity']::text[], 'active', 'India_Insurance_Database_2026.docx', array['Section 1.3', 'Section 2.13']::text[]),
('Care Health Insurance', 'care-health', 'standalone_health', 'private', '148', 2012, 'Gurugram', 'careinsurance.com', null, null, array[]::text[], 'active', 'India_Insurance_Database_2026.docx', array['Section 1.3']::text[]),
('ManipalCigna Health Insurance', 'manipalcigna', 'standalone_health', 'private', '151', 2014, 'Mumbai', 'manipalcigna.com', null, null, array[]::text[], 'active', 'India_Insurance_Database_2026.docx', array['Section 1.3']::text[]),
('Aditya Birla Health Insurance', 'aditya-birla-health', 'standalone_health', 'private', '153', 2016, 'Mumbai', 'adityabirlacapital.com', null, null, array[]::text[], 'active', 'India_Insurance_Database_2026.docx', array['Section 1.3']::text[]),
('Galaxy Health Insurance', 'galaxy-health', 'standalone_health', 'private', '162', 2023, 'Chennai', 'galaxyhealth.in', null, null, array[]::text[], 'active', 'India_Insurance_Database_2026.docx', array['Section 1.3']::text[]),
('Kshema General Insurance', 'kshema-general', 'standalone_health', 'private', '163', 2022, 'Hyderabad', 'kshemainsurance.com', null, null, array[]::text[], 'active', 'India_Insurance_Database_2026.docx', array['Section 1.3']::text[]),
('General Insurance Corporation of India (GIC Re)', 'gic-re', 'reinsurance', 'public', 'R-001', 1972, 'Mumbai', 'gicofindia.com', 'National reinsurer. All general and life insurers must cede a minimum % to GIC Re (obligatory cession) before international reinsurance.', 'Mandatory domestic reinsurer for all IRDAI registered insurers.', array['Reinsurance – All Lines']::text[], 'active', 'India_Insurance_Database_2026.docx', array['Section 1.4']::text[]),
('ITI Reinsurance', 'iti-re', 'reinsurance', 'private', 'R-002', 2020, 'Mumbai', 'Data Not Available', 'Newly established reinsurer (2020). Public product and financial data is limited.', null, array['Reinsurance']::text[], 'active', 'India_Insurance_Database_2026.docx', array['Section 1.4']::text[])
on conflict (company_slug) do update set
company_name = excluded.company_name,
insurer_category = excluded.insurer_category,
ownership_type = excluded.ownership_type,
irdai_registration_no = excluded.irdai_registration_no,
established_year = excluded.established_year,
headquarters = excluded.headquarters,
website = excluded.website,
background = excluded.background,
market_position = excluded.market_position,
key_segments = excluded.key_segments,
status = excluded.status,
source_document = excluded.source_document,
source_page_refs = excluded.source_page_refs;

-- insurance_products
insert into public.insurance_products (company_id, product_name, product_slug, plan_code, product_category, product_type, distribution_channel, launch_year, current_status, status_reason, short_description, min_entry_age, max_entry_age, eligibility_summary, policy_term, premium_payment_term, min_sum_assured, max_sum_assured, premium_range, tax_benefits, source_document, source_page_refs) values
((select id from public.insurance_companies where company_slug = 'lic' limit 1), 'LIC Tech Term (Plan 854)', 'lic-tech-term-854', 'Plan 854', 'life', 'Pure Term / Online Term', 'online', 2019, 'active', null, 'Online-only pure term plan by LIC with Level or Increasing SA option, joint life cover, and special rates for non-smokers.', '18', '65', '18-65 years; Min income: INR 5 lakh p.a. recommended', '10-40 years', 'Regular Pay / Limited Pay / Single Pay', 'INR 50 lakh', 'No upper limit (underwriting based)', 'INR 5,000-INR 1,00,000+ p.a.', '80C (premium); 10(10D) (death claim); 80D (if health rider added)', 'India_Insurance_Database_2026.docx', array['Section 2.1']::text[]),
((select id from public.insurance_companies where company_slug = 'lic' limit 1), 'LIC Jeevan Amar (Plan 855)', 'lic-jeevan-amar-855', 'Plan 855', 'life', 'Pure Term (Offline)', 'offline', 2019, 'active', null, 'Offline term plan via LIC agents with Level/Increasing SA option and joint life cover.', '18', '65', '18-65 years', '10-40 years', 'Regular / Limited / Single', 'INR 25 lakh', 'No limit', 'INR 6,000-INR 1,50,000+ p.a.', '80C, 10(10D)', 'India_Insurance_Database_2026.docx', array['Section 2.1']::text[]),
((select id from public.insurance_companies where company_slug = 'lic' limit 1), 'LIC New Jeevan Anand (Plan 815)', 'lic-new-jeevan-anand-815', 'Plan 815', 'life', 'Endowment + Whole Life', 'agent', 2014, 'active', null, 'Participating endowment + whole life plan. Death benefit continues after maturity. Loan facility available.', '18', '50', '18-50 years', '15-35 years', 'Equal to Policy Term', 'INR 1 lakh', 'No limit', 'INR 8,000-INR 2,00,000+ p.a.', '80C, 10(10D)', 'India_Insurance_Database_2026.docx', array['Section 2.1']::text[]),
((select id from public.insurance_companies where company_slug = 'lic' limit 1), 'LIC Jeevan Umang (Plan 945)', 'lic-jeevan-umang-945', 'Plan 945', 'life', 'Whole Life + Money Back', 'agent', 2020, 'active', null, '8% of Sum Assured paid annually after PPT till age 100. Participating plan with bonus accrual.', '90 days', '55 years', '90 days to 55 years', 'Whole Life (till age 100)', '15 / 20 / 25 / 30 years', 'INR 2 lakh', 'No limit', 'INR 12,000-INR 3,00,000+ p.a.', '80C, 10(10D)', 'India_Insurance_Database_2026.docx', array['Section 2.1']::text[]),
((select id from public.insurance_companies where company_slug = 'lic' limit 1), 'LIC New Money Back Plan - 20 Years (Plan 820)', 'lic-money-back-20-820', 'Plan 820', 'life', 'Money Back', 'agent', 2014, 'active', null, 'Survival benefit: 20% SA at years 5, 10, 15. 40% SA + bonus at maturity (year 20). Participating plan.', '13', '50', '13-50 years', '20 years', '20 years', 'INR 1 lakh', 'No limit', 'INR 7,000-INR 1,50,000 p.a.', '80C, 10(10D)', 'India_Insurance_Database_2026.docx', array['Section 2.1']::text[]),
((select id from public.insurance_companies where company_slug = 'lic' limit 1), 'LIC SIIP (Plan 852)', 'lic-siip-852', 'Plan 852', 'life', 'ULIP', 'mixed', 2019, 'active', null, '4 fund options: Bond, Secured, Balanced, Growth. Partial withdrawal after 5 years. Loyalty additions from year 6.', '90 days', '65 years', '90 days to 65 years', '10-25 years', 'Regular Pay', '10x annual premium', 'Subject to underwriting', 'Min INR 40,000 p.a.', '80C (premium up to INR 1.5 lakh); 10(10D) on maturity if annual premium <=INR 2.5 lakh', 'India_Insurance_Database_2026.docx', array['Section 2.1']::text[]),
((select id from public.insurance_companies where company_slug = 'lic' limit 1), 'LIC Dhan Rekha (Plan 863)', 'lic-dhan-rekha-863', 'Plan 863', 'life', 'Non-Linked Savings', 'agent', 2023, 'active', null, 'Guaranteed additions during PPT. Loyalty additions at maturity. Non-participating with guaranteed returns.', '3', '60', '3-60 years', '15 / 20 / 30 years', '7 / 10 / 15 years', 'INR 2 lakh', 'No limit', 'INR 15,000-INR 5,00,000 p.a.', '80C, 10(10D)', 'India_Insurance_Database_2026.docx', array['Section 2.1']::text[]),
((select id from public.insurance_companies where company_slug = 'lic' limit 1), 'Jeevan Anand (Plan 149)', 'lic-jeevan-anand-149', 'Plan 149', 'life', 'Endowment + Whole Life', 'agent', null, 'discontinued', 'Replaced by Plan 815', 'Legacy endowment + whole life plan replaced by LIC New Jeevan Anand (Plan 815) in 2014.', null, null, null, null, null, null, null, null, '80C, 10(10D)', 'India_Insurance_Database_2026.docx', array['Section 2.1']::text[]),
((select id from public.insurance_companies where company_slug = 'lic' limit 1), 'Jeevan Mitra (Plan 133)', 'lic-jeevan-mitra-133', 'Plan 133', 'life', 'Endowment', 'agent', null, 'discontinued', 'Replaced by newer plans', 'Legacy endowment plan discontinued in 2014.', null, null, null, null, null, null, null, null, '80C, 10(10D)', 'India_Insurance_Database_2026.docx', array['Section 2.1']::text[]),
((select id from public.insurance_companies where company_slug = 'lic' limit 1), 'Money Plus (Plan 180)', 'lic-money-plus-180', 'Plan 180', 'life', 'ULIP', 'agent', null, 'discontinued', 'Regulatory ULIP reforms', 'ULIP discontinued in 2011 due to regulatory reforms.', null, null, null, null, null, null, null, null, '80C', 'India_Insurance_Database_2026.docx', array['Section 2.1']::text[]),
((select id from public.insurance_companies where company_slug = 'lic' limit 1), 'Bima Bachat (Plan 175)', 'lic-bima-bachat-175', 'Plan 175', 'life', 'Single Premium', 'agent', null, 'discontinued', 'Product rationalisation', 'Single premium plan discontinued in 2019.', null, null, null, null, null, null, null, null, '80C, 10(10D)', 'India_Insurance_Database_2026.docx', array['Section 2.1']::text[]),
((select id from public.insurance_companies where company_slug = 'lic' limit 1), 'Jeevan Tarang (Plan 178)', 'lic-jeevan-tarang-178', 'Plan 178', 'life', 'Whole Life + Survival', 'agent', null, 'discontinued', 'Product rationalisation', 'Whole life + survival plan discontinued in 2019.', null, null, null, null, null, null, null, null, '80C, 10(10D)', 'India_Insurance_Database_2026.docx', array['Section 2.1']::text[]),
((select id from public.insurance_companies where company_slug = 'hdfc-life' limit 1), 'HDFC Life Click 2 Protect Super', 'hdfc-click2protect-super', null, 'life', 'Pure Term', 'online', 2021, 'active', null, '3 plan options: Life, Life Plus, Life Goal. Life Stage Protection. Premium waiver on disability. ROP variant.', '18', '65', '18-65 years; Min SA INR 50 lakh', '5-85 years (to age 85)', 'Regular / Limited / Single', 'INR 50 lakh', 'No limit', 'INR 6,000-INR 2,00,000+ p.a.', '80C; 10(10D); 80D (CI rider)', 'India_Insurance_Database_2026.docx', array['Section 2.2']::text[]),
((select id from public.insurance_companies where company_slug = 'hdfc-life' limit 1), 'HDFC Life Sanchay Par Advantage', 'hdfc-sanchay-par-advantage', null, 'life', 'Participating Endowment', 'mixed', 2020, 'active', null, 'Guaranteed income after PPT. Whole life cover to age 100 with bonus accrual. Flexible income options post PPT.', '30 days', '60 years', '30 days to 60 years', 'To age 100', '5 / 7 / 10 / 12 / 15 years', 'INR 3 lakh', 'No limit', 'INR 30,000-INR 10,00,000 p.a.', '80C, 10(10D)', 'India_Insurance_Database_2026.docx', array['Section 2.2']::text[]),
((select id from public.insurance_companies where company_slug = 'hdfc-life' limit 1), 'HDFC Life ProGrowth Plus', 'hdfc-progrowth-plus', null, 'life', 'ULIP', 'mixed', 2016, 'active', null, '8 fund options. Unlimited free switches. Systematic Transfer Plan (STP). Loyalty units from year 6.', '14', '65', '14-65 years', '10-30 years', 'Regular Pay', '10x annual premium', 'Based on underwriting', 'Min INR 24,000 p.a.', '80C; 10(10D) if annual premium <= INR 2.5 lakh', 'India_Insurance_Database_2026.docx', array['Section 2.2']::text[]),
((select id from public.insurance_companies where company_slug = 'hdfc-life' limit 1), 'HDFC Life YoungStar Super Premium', 'hdfc-youngstar-super-premium', null, 'life', 'ULIP', 'agent', null, 'discontinued', 'Product redesign', 'Child ULIP discontinued ~2020.', null, null, null, null, null, null, null, null, '80C', 'India_Insurance_Database_2026.docx', array['Section 2.2']::text[]),
((select id from public.insurance_companies where company_slug = 'hdfc-life' limit 1), 'HDFC Life Sampoorn Samridhi Plus', 'hdfc-sampoorn-samridhi-plus', null, 'life', 'Endowment', 'agent', null, 'discontinued', 'Portfolio rationalisation', 'Endowment plan discontinued 2021.', null, null, null, null, null, null, null, null, '80C, 10(10D)', 'India_Insurance_Database_2026.docx', array['Section 2.2']::text[]),
((select id from public.insurance_companies where company_slug = 'hdfc-life' limit 1), 'HDFC Life Super Income Plan', 'hdfc-super-income-plan', null, 'life', 'Money Back', 'agent', null, 'discontinued', 'Merged into newer plans', 'Money back plan discontinued 2022.', null, null, null, null, null, null, null, null, '80C, 10(10D)', 'India_Insurance_Database_2026.docx', array['Section 2.2']::text[]),
((select id from public.insurance_companies where company_slug = 'icici-pru-life' limit 1), 'ICICI Pru iProtect Smart', 'icici-pru-iprotect-smart', null, 'life', 'Pure Term', 'online', 2018, 'active', null, '34 CI illnesses covered. Smart Exit Benefit (return of premium at select ages). Increasing cover option (5% p.a.).', '18', '65', '18-65 years', '5 years to age 99', 'Regular / Limited / Single', 'INR 50 lakh', 'No limit', 'INR 5,000-INR 2,00,000 p.a.', '80C, 10(10D), 80D', 'India_Insurance_Database_2026.docx', array['Section 2.3']::text[]),
((select id from public.insurance_companies where company_slug = 'icici-pru-life' limit 1), 'ICICI Pru Signature (ULIP)', 'icici-pru-signature', null, 'life', 'ULIP', 'mixed', 2019, 'active', null, 'Zero allocation charge from inception. 20+ fund options. Portfolio rebalancing. Systematic Transfer Strategy.', '0', '65', '0-65 years', '10-30 years', 'Regular / Limited (5, 7, 10 years)', '10x annual premium', 'Subject to underwriting', 'Min INR 1 lakh p.a.', '80C, 10(10D)', 'India_Insurance_Database_2026.docx', array['Section 2.3']::text[]),
((select id from public.insurance_companies where company_slug = 'sbi-life' limit 1), 'SBI Life eShield Next', 'sbi-eshield-next', null, 'life', 'Pure Term (Online)', 'online', 2021, 'active', null, '3 plan options: Level Cover, Increasing Cover, Level Cover with ROP. Joint life cover. Step-up at life milestones.', '18', '65', '18-65 years', '5 years to age 80', 'Regular / Limited / Single', 'INR 50 lakh', 'No limit', 'INR 5,500-INR 1,50,000 p.a.', '80C, 10(10D)', 'India_Insurance_Database_2026.docx', array['Section 2.4']::text[]),
((select id from public.insurance_companies where company_slug = 'sbi-life' limit 1), 'SBI Life Smart Wealth Builder (ULIP)', 'sbi-smart-wealth-builder', null, 'life', 'ULIP', 'mixed', 2015, 'active', null, '8 fund options. Automatic Asset Allocation (lifecycle-based). Loyalty additions from year 6. Settlement option at maturity.', '8', '60', '8-60 years', '10-30 years', 'Regular / Limited', '10x annual premium', 'Underwriting based', 'Min INR 30,000 p.a.', '80C, 10(10D)', 'India_Insurance_Database_2026.docx', array['Section 2.4']::text[]),
((select id from public.insurance_companies where company_slug = 'max-life' limit 1), 'Max Life Smart Secure Plus', 'max-smart-secure-plus', null, 'life', 'Pure Term', 'online', 2022, 'active', null, 'Premium Break benefit. Terminal illness benefit. Variant with ROP. Joint life option. Highest CSR 99.51%.', '18', '65', '18-65 years', '10-67 years (to age 85)', 'Regular / Limited / Single', 'INR 20 lakh', 'No limit', 'INR 5,000-INR 2,50,000 p.a.', '80C; 10(10D); 80D (CI rider)', 'India_Insurance_Database_2026.docx', array['Section 2.5']::text[]),
((select id from public.insurance_companies where company_slug = 'bajaj-allianz-life' limit 1), 'Bajaj Allianz Smart Protect Goal', 'bajaj-smart-protect-goal', null, 'life', 'Pure Term', 'online', 2021, 'active', null, 'Life Stage option - increase SA at marriage/child birth. Special exit value (60% premiums at age 60+). Monthly income option.', '18', '65', '18-65 years', '10-40 years', 'Regular / Limited / Single', 'INR 50 lakh', 'No limit', 'INR 6,000-INR 1,75,000 p.a.', '80C, 10(10D)', 'India_Insurance_Database_2026.docx', array['Section 2.6']::text[]),
((select id from public.insurance_companies where company_slug = 'bajaj-allianz-life' limit 1), 'Bajaj Allianz Goal Assure II', 'bajaj-goal-assure-ii', null, 'life', 'ULIP', 'mixed', null, 'active', null, 'Return of mortality charge (ROMC) unique feature. 11 fund options.', null, null, null, null, null, null, null, null, '80C, 10(10D)', 'India_Insurance_Database_2026.docx', array['Section 3']::text[]),
((select id from public.insurance_companies where company_slug = 'icici-lombard' limit 1), 'ICICI Lombard Complete Health Insurance', 'icici-lombard-complete-health', null, 'health', 'Individual / Family Floater Health', 'mixed', 2014, 'active', null, 'No room rent capping (higher SI slabs). Cashless at 7,500+ hospitals. Lifelong renewability. NCB 10% per year up to 50%.', '18 months', '65 years', '18 months to 65 years (adult); children from 91 days', '1 year (renewable)', 'Annual / Monthly', 'INR 2 lakh', 'INR 50 lakh', 'INR 6,000-INR 35,000 p.a.', '80D: up to INR 25,000 (self/family); INR 50,000 (senior citizens)', 'India_Insurance_Database_2026.docx', array['Section 2.7']::text[]),
((select id from public.insurance_companies where company_slug = 'icici-lombard' limit 1), 'ICICI Lombard Two-Wheeler Package Policy', 'icici-lombard-two-wheeler', null, 'motor', 'Motor - Two Wheeler', 'mixed', 2005, 'active', null, 'Own damage + Third party liability. NCB up to 50% for 5 claim-free years. Instant policy online. 7,000+ garages.', '18', null, 'Any registered 2-wheeler owner', '1 year (3 years for new vehicles as per IRDAI mandate)', 'Annual / Multi-year', 'IDV of vehicle', 'IDV as assessed', 'INR 700-INR 5,000 p.a.', 'No income tax benefit (motor insurance)', 'India_Insurance_Database_2026.docx', array['Section 2.7']::text[]),
((select id from public.insurance_companies where company_slug = 'bajaj-allianz-general' limit 1), 'Bajaj Allianz Health Guard', 'bajaj-health-guard', null, 'health', 'Family Floater Health', 'mixed', 2003, 'active', null, 'Day-care procedures: 140+. Domiciliary treatment covered. Cumulative bonus: 10% p.a. up to 100%. Restore benefit.', '3 months', '65 years', '3 months to 65 years (adult: 18-65); floater up to 2A+4C', '1 year', 'Annual', 'INR 1.5 lakh', 'INR 50 lakh', 'INR 5,500-INR 30,000 p.a.', '80D', 'India_Insurance_Database_2026.docx', array['Section 2.8']::text[]),
((select id from public.insurance_companies where company_slug = 'bajaj-allianz-general' limit 1), 'Bajaj Allianz Motor Own Damage (OD) Policy', 'bajaj-motor-od', null, 'motor', 'Motor - Own Damage', 'online', 2019, 'active', null, 'Standalone OD without TP. AI-based claims with photo upload. NCB protection rider. Express claims: 30-minute approval.', '18', null, 'Any vehicle owner (standalone OD - IRDAI mandate from 2019)', '1 year', 'Annual', 'IDV', 'IDV', 'INR 2,000-INR 40,000 p.a.', 'No income tax benefit', 'India_Insurance_Database_2026.docx', array['Section 2.8']::text[]),
((select id from public.insurance_companies where company_slug = 'new-india-assurance' limit 1), 'New India Mediclaim Policy', 'new-india-mediclaim', null, 'health', 'Individual Health', 'offline', 1986, 'active', null, 'Government-run insurer. Cashless at 6,500+ hospitals. NCB: 5% up to 25%. Pre-existing diseases after 4 years.', '18', '65', '18-65 years; children 3 months-18 years', '1 year', 'Annual', 'INR 1 lakh', 'INR 15 lakh', 'INR 3,500-INR 25,000 p.a.', '80D', 'India_Insurance_Database_2026.docx', array['Section 2.9']::text[]),
((select id from public.insurance_companies where company_slug = 'new-india-assurance' limit 1), 'New India Floater Mediclaim', 'new-india-floater-mediclaim', null, 'health', 'Family Floater Health', 'offline', 2005, 'active', null, 'Covers entire family under single sum insured. Maternity benefit add-on. Wide PSU hospital network.', '18', '65', '18-65 years; floater for family of 4', '1 year', 'Annual', 'INR 2 lakh', 'INR 10 lakh', 'INR 6,000-INR 40,000 p.a.', '80D', 'India_Insurance_Database_2026.docx', array['Section 2.9']::text[]),
((select id from public.insurance_companies where company_slug = 'tata-aig' limit 1), 'TATA AIG MediCare', 'tata-aig-medicare', null, 'health', 'Individual / Family Health', 'mixed', 2019, 'active', null, 'Global cover option. Restore benefit: 100% reinstatement. No room rent capping in premium plans. Wellness benefits.', '18 days', '65 years', '18 days to 65 years', '1 / 2 / 3 years', 'Annual / Multi-year', 'INR 3 lakh', 'INR 3 crore', 'INR 7,000-INR 75,000 p.a.', '80D', 'India_Insurance_Database_2026.docx', array['Section 2.10']::text[]),
((select id from public.insurance_companies where company_slug = 'hdfc-ergo' limit 1), 'HDFC ERGO Optima Secure', 'hdfc-ergo-optima-secure', null, 'health', 'Individual / Family Health', 'online', 2021, 'active', null, '2x SA from Day 1 (Secure Benefit). NCB up to 100% (Plus Benefit). Waiver of deductible (Protect Benefit). No sub-limits above INR 10L SI.', '18 days', '65 years', '18 days to 65 years', '1 / 2 / 3 years', 'Annual / Multi-year', 'INR 5 lakh', 'INR 2 crore', 'INR 8,500-INR 70,000 p.a.', '80D', 'India_Insurance_Database_2026.docx', array['Section 2.11']::text[]),
((select id from public.insurance_companies where company_slug = 'star-health' limit 1), 'Star Health Comprehensive Insurance Policy', 'star-health-comprehensive', null, 'health', 'Individual / Family Health', 'mixed', 2008, 'active', null, 'In-patient + pre/post hospitalisation. Cashless at 14,000+ hospitals. Annual health check-up. AYUSH covered.', '18 days', '65 years', '18 days to 65 years', '1 / 2 / 3 years', 'Annual / Multi-year', 'INR 5 lakh', 'INR 1 crore', 'INR 8,000-INR 60,000 p.a.', '80D', 'India_Insurance_Database_2026.docx', array['Section 2.12']::text[]),
((select id from public.insurance_companies where company_slug = 'star-health' limit 1), 'Star Senior Citizens Red Carpet', 'star-senior-red-carpet', null, 'health', 'Senior Citizen Health', 'offline', 2010, 'active', null, 'Specifically for senior citizens. No pre-insurance medical test up to INR 10 lakh. PED covered from year 2 (50% co-pay). Tele-consultation.', '60', '75', '60-75 years', '1 year', 'Annual', 'INR 1 lakh', 'INR 25 lakh', 'INR 12,000-INR 80,000 p.a.', '80D: INR 50,000 for senior citizens', 'India_Insurance_Database_2026.docx', array['Section 2.12']::text[]),
((select id from public.insurance_companies where company_slug = 'niva-bupa' limit 1), 'Niva Bupa Reassure 2.0', 'niva-bupa-reassure-2', null, 'health', 'Individual / Floater Health', 'online', 2022, 'active', null, 'Booster Benefit: unused SI added next year (up to 100%). Lock the Clock: premiums fixed at entry age. Unlimited restoration. 10,000+ hospitals.', '18 days', '65 years', '18 days to 65 years', '1 / 2 / 3 years', 'Annual / Multi-year', 'INR 5 lakh', 'INR 1 crore', 'INR 9,000-INR 65,000 p.a.', '80D', 'India_Insurance_Database_2026.docx', array['Section 2.13']::text[]),
((select id from public.insurance_companies where company_slug = 'go-digit' limit 1), 'Go Digit Comprehensive Car Insurance', 'go-digit-car-comprehensive', null, 'motor', 'Motor - Four Wheeler Comprehensive', 'online', 2017, 'active', null, 'App-based self-inspection for renewal. Pay-as-you-drive option. 12,000+ cashless garages. AI-powered instant claim assessment.', '18', null, 'Any 4-wheeler owner; vehicle age up to 15 years', '1 year', 'Annual', 'IDV', 'IDV', 'INR 5,000-INR 50,000 p.a.', 'No income tax benefit', 'India_Insurance_Database_2026.docx', array['Section 2.14']::text[]),
((select id from public.insurance_companies where company_slug = 'care-health' limit 1), 'Care Supreme Health Plan', 'care-supreme-health', null, 'health', 'Individual / Floater Health', 'mixed', null, 'active', null, 'Unlimited NCB. OPD + wellness benefits.', null, null, null, null, null, 'INR 5 lakh', 'INR 2 crore', null, '80D', 'India_Insurance_Database_2026.docx', array['Section 3']::text[]),
((select id from public.insurance_companies where company_slug = 'manipalcigna' limit 1), 'ManipalCigna ProHealth Plus', 'manipalcigna-prohealth-plus', null, 'health', 'Individual / Floater Health', 'mixed', null, 'active', null, 'Comprehensive health coverage.', null, null, null, null, null, null, null, null, '80D', 'India_Insurance_Database_2026.docx', array['Section 3']::text[])
on conflict (company_id, product_slug) do update set
product_name = excluded.product_name,
plan_code = excluded.plan_code,
product_category = excluded.product_category,
product_type = excluded.product_type,
distribution_channel = excluded.distribution_channel,
launch_year = excluded.launch_year,
current_status = excluded.current_status,
status_reason = excluded.status_reason,
short_description = excluded.short_description,
min_entry_age = excluded.min_entry_age,
max_entry_age = excluded.max_entry_age,
eligibility_summary = excluded.eligibility_summary,
policy_term = excluded.policy_term,
premium_payment_term = excluded.premium_payment_term,
min_sum_assured = excluded.min_sum_assured,
max_sum_assured = excluded.max_sum_assured,
premium_range = excluded.premium_range,
tax_benefits = excluded.tax_benefits,
source_document = excluded.source_document,
source_page_refs = excluded.source_page_refs;

-- Refresh product child rows for workbook products
delete from public.product_features where product_id in (select id from public.insurance_products where product_slug in ('lic-tech-term-854', 'lic-jeevan-amar-855', 'lic-new-jeevan-anand-815', 'lic-jeevan-umang-945', 'lic-money-back-20-820', 'lic-siip-852', 'lic-dhan-rekha-863', 'lic-jeevan-anand-149', 'lic-jeevan-mitra-133', 'lic-money-plus-180', 'lic-bima-bachat-175', 'lic-jeevan-tarang-178', 'hdfc-click2protect-super', 'hdfc-sanchay-par-advantage', 'hdfc-progrowth-plus', 'hdfc-youngstar-super-premium', 'hdfc-sampoorn-samridhi-plus', 'hdfc-super-income-plan', 'icici-pru-iprotect-smart', 'icici-pru-signature', 'sbi-eshield-next', 'sbi-smart-wealth-builder', 'max-smart-secure-plus', 'bajaj-smart-protect-goal', 'bajaj-goal-assure-ii', 'icici-lombard-complete-health', 'icici-lombard-two-wheeler', 'bajaj-health-guard', 'bajaj-motor-od', 'new-india-mediclaim', 'new-india-floater-mediclaim', 'tata-aig-medicare', 'hdfc-ergo-optima-secure', 'star-health-comprehensive', 'star-senior-red-carpet', 'niva-bupa-reassure-2', 'go-digit-car-comprehensive', 'care-supreme-health', 'manipalcigna-prohealth-plus'));
delete from public.product_benefits where product_id in (select id from public.insurance_products where product_slug in ('lic-tech-term-854', 'lic-jeevan-amar-855', 'lic-new-jeevan-anand-815', 'lic-jeevan-umang-945', 'lic-money-back-20-820', 'lic-siip-852', 'lic-dhan-rekha-863', 'lic-jeevan-anand-149', 'lic-jeevan-mitra-133', 'lic-money-plus-180', 'lic-bima-bachat-175', 'lic-jeevan-tarang-178', 'hdfc-click2protect-super', 'hdfc-sanchay-par-advantage', 'hdfc-progrowth-plus', 'hdfc-youngstar-super-premium', 'hdfc-sampoorn-samridhi-plus', 'hdfc-super-income-plan', 'icici-pru-iprotect-smart', 'icici-pru-signature', 'sbi-eshield-next', 'sbi-smart-wealth-builder', 'max-smart-secure-plus', 'bajaj-smart-protect-goal', 'bajaj-goal-assure-ii', 'icici-lombard-complete-health', 'icici-lombard-two-wheeler', 'bajaj-health-guard', 'bajaj-motor-od', 'new-india-mediclaim', 'new-india-floater-mediclaim', 'tata-aig-medicare', 'hdfc-ergo-optima-secure', 'star-health-comprehensive', 'star-senior-red-carpet', 'niva-bupa-reassure-2', 'go-digit-car-comprehensive', 'care-supreme-health', 'manipalcigna-prohealth-plus'));
delete from public.product_conditions where product_id in (select id from public.insurance_products where product_slug in ('lic-tech-term-854', 'lic-jeevan-amar-855', 'lic-new-jeevan-anand-815', 'lic-jeevan-umang-945', 'lic-money-back-20-820', 'lic-siip-852', 'lic-dhan-rekha-863', 'lic-jeevan-anand-149', 'lic-jeevan-mitra-133', 'lic-money-plus-180', 'lic-bima-bachat-175', 'lic-jeevan-tarang-178', 'hdfc-click2protect-super', 'hdfc-sanchay-par-advantage', 'hdfc-progrowth-plus', 'hdfc-youngstar-super-premium', 'hdfc-sampoorn-samridhi-plus', 'hdfc-super-income-plan', 'icici-pru-iprotect-smart', 'icici-pru-signature', 'sbi-eshield-next', 'sbi-smart-wealth-builder', 'max-smart-secure-plus', 'bajaj-smart-protect-goal', 'bajaj-goal-assure-ii', 'icici-lombard-complete-health', 'icici-lombard-two-wheeler', 'bajaj-health-guard', 'bajaj-motor-od', 'new-india-mediclaim', 'new-india-floater-mediclaim', 'tata-aig-medicare', 'hdfc-ergo-optima-secure', 'star-health-comprehensive', 'star-senior-red-carpet', 'niva-bupa-reassure-2', 'go-digit-car-comprehensive', 'care-supreme-health', 'manipalcigna-prohealth-plus'));
delete from public.product_riders_addons where product_id in (select id from public.insurance_products where product_slug in ('lic-tech-term-854', 'lic-jeevan-amar-855', 'lic-new-jeevan-anand-815', 'lic-jeevan-umang-945', 'lic-money-back-20-820', 'lic-siip-852', 'lic-dhan-rekha-863', 'lic-jeevan-anand-149', 'lic-jeevan-mitra-133', 'lic-money-plus-180', 'lic-bima-bachat-175', 'lic-jeevan-tarang-178', 'hdfc-click2protect-super', 'hdfc-sanchay-par-advantage', 'hdfc-progrowth-plus', 'hdfc-youngstar-super-premium', 'hdfc-sampoorn-samridhi-plus', 'hdfc-super-income-plan', 'icici-pru-iprotect-smart', 'icici-pru-signature', 'sbi-eshield-next', 'sbi-smart-wealth-builder', 'max-smart-secure-plus', 'bajaj-smart-protect-goal', 'bajaj-goal-assure-ii', 'icici-lombard-complete-health', 'icici-lombard-two-wheeler', 'bajaj-health-guard', 'bajaj-motor-od', 'new-india-mediclaim', 'new-india-floater-mediclaim', 'tata-aig-medicare', 'hdfc-ergo-optima-secure', 'star-health-comprehensive', 'star-senior-red-carpet', 'niva-bupa-reassure-2', 'go-digit-car-comprehensive', 'care-supreme-health', 'manipalcigna-prohealth-plus'));
delete from public.product_claim_performance where product_id in (select id from public.insurance_products where product_slug in ('lic-tech-term-854', 'lic-jeevan-amar-855', 'lic-new-jeevan-anand-815', 'lic-jeevan-umang-945', 'lic-money-back-20-820', 'lic-siip-852', 'lic-dhan-rekha-863', 'lic-jeevan-anand-149', 'lic-jeevan-mitra-133', 'lic-money-plus-180', 'lic-bima-bachat-175', 'lic-jeevan-tarang-178', 'hdfc-click2protect-super', 'hdfc-sanchay-par-advantage', 'hdfc-progrowth-plus', 'hdfc-youngstar-super-premium', 'hdfc-sampoorn-samridhi-plus', 'hdfc-super-income-plan', 'icici-pru-iprotect-smart', 'icici-pru-signature', 'sbi-eshield-next', 'sbi-smart-wealth-builder', 'max-smart-secure-plus', 'bajaj-smart-protect-goal', 'bajaj-goal-assure-ii', 'icici-lombard-complete-health', 'icici-lombard-two-wheeler', 'bajaj-health-guard', 'bajaj-motor-od', 'new-india-mediclaim', 'new-india-floater-mediclaim', 'tata-aig-medicare', 'hdfc-ergo-optima-secure', 'star-health-comprehensive', 'star-senior-red-carpet', 'niva-bupa-reassure-2', 'go-digit-car-comprehensive', 'care-supreme-health', 'manipalcigna-prohealth-plus'));
delete from public.product_ideal_customer_profiles where product_id in (select id from public.insurance_products where product_slug in ('lic-tech-term-854', 'lic-jeevan-amar-855', 'lic-new-jeevan-anand-815', 'lic-jeevan-umang-945', 'lic-money-back-20-820', 'lic-siip-852', 'lic-dhan-rekha-863', 'lic-jeevan-anand-149', 'lic-jeevan-mitra-133', 'lic-money-plus-180', 'lic-bima-bachat-175', 'lic-jeevan-tarang-178', 'hdfc-click2protect-super', 'hdfc-sanchay-par-advantage', 'hdfc-progrowth-plus', 'hdfc-youngstar-super-premium', 'hdfc-sampoorn-samridhi-plus', 'hdfc-super-income-plan', 'icici-pru-iprotect-smart', 'icici-pru-signature', 'sbi-eshield-next', 'sbi-smart-wealth-builder', 'max-smart-secure-plus', 'bajaj-smart-protect-goal', 'bajaj-goal-assure-ii', 'icici-lombard-complete-health', 'icici-lombard-two-wheeler', 'bajaj-health-guard', 'bajaj-motor-od', 'new-india-mediclaim', 'new-india-floater-mediclaim', 'tata-aig-medicare', 'hdfc-ergo-optima-secure', 'star-health-comprehensive', 'star-senior-red-carpet', 'niva-bupa-reassure-2', 'go-digit-car-comprehensive', 'care-supreme-health', 'manipalcigna-prohealth-plus'));

-- product_features
insert into public.product_features (product_id, feature_title, feature_description, feature_type, display_order) values
((select id from public.insurance_products where product_slug = 'lic-tech-term-854' limit 1), 'Online Distribution', 'Online-only plan with lower premiums compared to offline plans', 'digital_feature', 1),
((select id from public.insurance_products where product_slug = 'lic-tech-term-854' limit 1), 'Sum Assured Options', 'Level Sum Assured or Increasing Sum Assured option available', 'core_feature', 2),
((select id from public.insurance_products where product_slug = 'lic-tech-term-854' limit 1), 'Special Rates', 'Special premium rates for non-smokers and female lives', 'financial_feature', 3),
((select id from public.insurance_products where product_slug = 'lic-tech-term-854' limit 1), 'Joint Life Option', 'Joint life cover available under the same policy', 'optional_feature', 4),
((select id from public.insurance_products where product_slug = 'lic-jeevan-amar-855' limit 1), 'Agent Distribution', 'Offline distribution via LIC agents across India', 'policy_feature', 1),
((select id from public.insurance_products where product_slug = 'lic-jeevan-amar-855' limit 1), 'Sum Assured Options', 'Level or Increasing Sum Assured option', 'core_feature', 2),
((select id from public.insurance_products where product_slug = 'lic-jeevan-amar-855' limit 1), 'Joint Life Cover', 'Joint life cover option for couples', 'optional_feature', 3),
((select id from public.insurance_products where product_slug = 'lic-jeevan-amar-855' limit 1), 'Non-Tobacco Rates', 'Special category rates for non-tobacco users', 'financial_feature', 4),
((select id from public.insurance_products where product_slug = 'lic-new-jeevan-anand-815' limit 1), 'Participating Plan', 'Participating plan with bonus accrual (reversionary + final additional bonus)', 'financial_feature', 1),
((select id from public.insurance_products where product_slug = 'lic-new-jeevan-anand-815' limit 1), 'Whole Life Component', 'Death benefit continues even after maturity (whole life component)', 'core_feature', 2),
((select id from public.insurance_products where product_slug = 'lic-new-jeevan-anand-815' limit 1), 'Loan Facility', 'Loan facility available up to 90% of surrender value', 'financial_feature', 3),
((select id from public.insurance_products where product_slug = 'lic-new-jeevan-anand-815' limit 1), 'Savings + Protection', 'Suitable as combined savings and protection plan', 'core_feature', 4),
((select id from public.insurance_products where product_slug = 'lic-jeevan-umang-945' limit 1), 'Annual Income Benefit', '8% of Sum Assured paid annually after PPT till age 100', 'core_feature', 1),
((select id from public.insurance_products where product_slug = 'lic-jeevan-umang-945' limit 1), 'Participating Plan', 'Bonus accrual (reversionary + final additional bonus)', 'financial_feature', 2),
((select id from public.insurance_products where product_slug = 'lic-jeevan-umang-945' limit 1), 'Survival Benefit', 'Annual income post premium payment term', 'core_feature', 3),
((select id from public.insurance_products where product_slug = 'lic-money-back-20-820' limit 1), 'Periodic Survival Benefit', '20% of SA paid at years 5, 10, and 15', 'core_feature', 1),
((select id from public.insurance_products where product_slug = 'lic-money-back-20-820' limit 1), 'Maturity Benefit', '40% SA + accumulated vested bonus paid at year 20', 'core_feature', 2),
((select id from public.insurance_products where product_slug = 'lic-money-back-20-820' limit 1), 'Participating Plan', 'Bonus accrual over policy term', 'financial_feature', 3),
((select id from public.insurance_products where product_slug = 'lic-siip-852' limit 1), 'Fund Options', '4 fund options: Bond, Secured, Balanced, Growth', 'core_feature', 1),
((select id from public.insurance_products where product_slug = 'lic-siip-852' limit 1), 'Partial Withdrawal', 'Partial withdrawal allowed after 5-year lock-in period', 'policy_feature', 2),
((select id from public.insurance_products where product_slug = 'lic-siip-852' limit 1), 'Fund Switching', '4 free fund switches per year', 'optional_feature', 3),
((select id from public.insurance_products where product_slug = 'lic-siip-852' limit 1), 'Loyalty Additions', 'Loyalty additions added to fund value from year 6', 'financial_feature', 4),
((select id from public.insurance_products where product_slug = 'lic-dhan-rekha-863' limit 1), 'Guaranteed Additions', 'Guaranteed additions accrued during premium payment term', 'financial_feature', 1),
((select id from public.insurance_products where product_slug = 'lic-dhan-rekha-863' limit 1), 'Loyalty Additions', 'Loyalty additions paid at maturity', 'financial_feature', 2),
((select id from public.insurance_products where product_slug = 'lic-dhan-rekha-863' limit 1), 'Non-Participating', 'Non-participating plan with guaranteed (not bonus-linked) returns', 'core_feature', 3),
((select id from public.insurance_products where product_slug = 'hdfc-click2protect-super' limit 1), 'Life Stage Protection', 'Increase sum assured at key life milestones without fresh underwriting', 'core_feature', 1),
((select id from public.insurance_products where product_slug = 'hdfc-click2protect-super' limit 1), '3 Plan Variants', 'Life, Life Plus, Life Goal plan options', 'core_feature', 2),
((select id from public.insurance_products where product_slug = 'hdfc-click2protect-super' limit 1), 'Premium Waiver on Disability', 'Future premiums waived on total permanent disability', 'core_feature', 3),
((select id from public.insurance_products where product_slug = 'hdfc-click2protect-super' limit 1), 'Return of Premium Variant', 'ROP variant available: all premiums returned at maturity if survived', 'optional_feature', 4),
((select id from public.insurance_products where product_slug = 'hdfc-sanchay-par-advantage' limit 1), 'Guaranteed Income Post PPT', 'Guaranteed income payout after premium payment term (Income Plus variant)', 'core_feature', 1),
((select id from public.insurance_products where product_slug = 'hdfc-sanchay-par-advantage' limit 1), 'Whole Life Cover', 'Coverage continues to age 100 with bonus accrual', 'core_feature', 2),
((select id from public.insurance_products where product_slug = 'hdfc-sanchay-par-advantage' limit 1), 'Flexible Income Options', 'Multiple income options post PPT to suit retirement needs', 'optional_feature', 3),
((select id from public.insurance_products where product_slug = 'hdfc-progrowth-plus' limit 1), 'Fund Options', '8 fund options including Equity, Debt, and Balanced', 'core_feature', 1),
((select id from public.insurance_products where product_slug = 'hdfc-progrowth-plus' limit 1), 'Unlimited Fund Switches', 'Unlimited free switches between funds', 'optional_feature', 2),
((select id from public.insurance_products where product_slug = 'hdfc-progrowth-plus' limit 1), 'STP Option', 'Systematic Transfer Plan (STP) to move funds gradually', 'optional_feature', 3),
((select id from public.insurance_products where product_slug = 'hdfc-progrowth-plus' limit 1), 'Loyalty Units', 'Loyalty units added from year 6 onwards', 'financial_feature', 4),
((select id from public.insurance_products where product_slug = 'icici-pru-iprotect-smart' limit 1), 'Widest CI Coverage', '34 critical illnesses covered under CI rider option', 'optional_feature', 1),
((select id from public.insurance_products where product_slug = 'icici-pru-iprotect-smart' limit 1), 'Smart Exit Benefit', 'Return of premium option at select ages (e.g., 60, 65)', 'optional_feature', 2),
((select id from public.insurance_products where product_slug = 'icici-pru-iprotect-smart' limit 1), 'Increasing Cover', 'SA increases at 5% per annum option', 'optional_feature', 3),
((select id from public.insurance_products where product_slug = 'icici-pru-iprotect-smart' limit 1), 'Payout Flexibility', 'Income + Lump sum payout options for nominee', 'core_feature', 4),
((select id from public.insurance_products where product_slug = 'icici-pru-signature' limit 1), 'Zero Allocation Charge', 'Zero allocation charge from policy inception – full premium invested', 'financial_feature', 1),
((select id from public.insurance_products where product_slug = 'icici-pru-signature' limit 1), 'Fund Options', '20+ fund options across equity, debt, and hybrid', 'core_feature', 2),
((select id from public.insurance_products where product_slug = 'icici-pru-signature' limit 1), 'Portfolio Rebalancing', 'Automatic portfolio rebalancing available', 'optional_feature', 3),
((select id from public.insurance_products where product_slug = 'icici-pru-signature' limit 1), 'Systematic Transfer', 'Systematic Transfer Strategy (STS) to reduce market timing risk', 'optional_feature', 4),
((select id from public.insurance_products where product_slug = 'sbi-eshield-next' limit 1), '3 Plan Options', 'Level Cover, Increasing Cover, Level Cover with ROP', 'core_feature', 1),
((select id from public.insurance_products where product_slug = 'sbi-eshield-next' limit 1), 'Joint Life Cover', 'Joint life cover available for couples', 'optional_feature', 2),
((select id from public.insurance_products where product_slug = 'sbi-eshield-next' limit 1), 'Step-Up Option', 'SA can be stepped up at life milestones', 'optional_feature', 3),
((select id from public.insurance_products where product_slug = 'sbi-eshield-next' limit 1), 'Women Discount', 'Special premium rates for female lives', 'financial_feature', 4),
((select id from public.insurance_products where product_slug = 'sbi-smart-wealth-builder' limit 1), 'Fund Options', '8 fund options for investment', 'core_feature', 1),
((select id from public.insurance_products where product_slug = 'sbi-smart-wealth-builder' limit 1), 'Lifecycle-Based Asset Allocation', 'Automatic asset allocation shifting equity to debt as policyholder ages', 'core_feature', 2),
((select id from public.insurance_products where product_slug = 'sbi-smart-wealth-builder' limit 1), 'Loyalty Additions', 'Loyalty additions from year 6', 'financial_feature', 3),
((select id from public.insurance_products where product_slug = 'sbi-smart-wealth-builder' limit 1), 'Settlement Option', 'Settlement option at maturity to receive benefits in instalments', 'optional_feature', 4),
((select id from public.insurance_products where product_slug = 'max-smart-secure-plus' limit 1), 'Premium Break', 'Skip 1 year premium without policy lapsing (Premium Break benefit)', 'core_feature', 1),
((select id from public.insurance_products where product_slug = 'max-smart-secure-plus' limit 1), 'Terminal Illness Benefit', 'Accelerated payout on diagnosis of terminal illness', 'core_feature', 2),
((select id from public.insurance_products where product_slug = 'max-smart-secure-plus' limit 1), 'ROP Variant', 'Smart Secure Plus with Return of Premium variant', 'optional_feature', 3),
((select id from public.insurance_products where product_slug = 'max-smart-secure-plus' limit 1), 'Joint Life Option', 'Joint life cover option', 'optional_feature', 4),
((select id from public.insurance_products where product_slug = 'bajaj-smart-protect-goal' limit 1), 'Life Stage Increase', 'SA increase at marriage or child birth without fresh medical underwriting', 'core_feature', 1),
((select id from public.insurance_products where product_slug = 'bajaj-smart-protect-goal' limit 1), 'Special Exit Value', '~60% of total premiums refunded as Special Exit Value at age 60+', 'optional_feature', 2),
((select id from public.insurance_products where product_slug = 'bajaj-smart-protect-goal' limit 1), 'Income Option', 'Monthly income payout option for family on death', 'core_feature', 3),
((select id from public.insurance_products where product_slug = 'icici-lombard-complete-health' limit 1), 'No Room Rent Capping', 'No room rent capping for higher sum insured slabs', 'core_feature', 1),
((select id from public.insurance_products where product_slug = 'icici-lombard-complete-health' limit 1), 'Cashless Network', 'Cashless treatment at 7,500+ empanelled hospitals', 'network_feature', 2),
((select id from public.insurance_products where product_slug = 'icici-lombard-complete-health' limit 1), 'Lifelong Renewability', 'Policy renewable for lifetime', 'policy_feature', 3),
((select id from public.insurance_products where product_slug = 'icici-lombard-complete-health' limit 1), 'No-Claim Bonus', 'NCB: 10% per year up to maximum 50% cumulative bonus', 'financial_feature', 4),
((select id from public.insurance_products where product_slug = 'icici-lombard-complete-health' limit 1), 'Restore Benefit', 'Cumulative bonus restore benefit on exhaustion of SI', 'core_feature', 5),
((select id from public.insurance_products where product_slug = 'icici-lombard-two-wheeler' limit 1), 'Comprehensive Cover', 'Own damage + Third party liability in a single policy', 'core_feature', 1),
((select id from public.insurance_products where product_slug = 'icici-lombard-two-wheeler' limit 1), 'NCB Up to 50%', 'No-Claim Bonus up to 50% for 5 consecutive claim-free years', 'financial_feature', 2),
((select id from public.insurance_products where product_slug = 'icici-lombard-two-wheeler' limit 1), 'Instant Issuance', 'Instant policy issuance via online channel', 'digital_feature', 3),
((select id from public.insurance_products where product_slug = 'icici-lombard-two-wheeler' limit 1), 'Cashless Garage Network', '7,000+ cashless garages across India', 'network_feature', 4),
((select id from public.insurance_products where product_slug = 'bajaj-health-guard' limit 1), 'Day Care Procedures', '140+ day-care procedures covered', 'core_feature', 1),
((select id from public.insurance_products where product_slug = 'bajaj-health-guard' limit 1), 'Domiciliary Treatment', 'Domiciliary treatment covered', 'core_feature', 2),
((select id from public.insurance_products where product_slug = 'bajaj-health-guard' limit 1), 'Cumulative Bonus', 'Cumulative bonus: 10% per annum up to maximum 100%', 'financial_feature', 3),
((select id from public.insurance_products where product_slug = 'bajaj-health-guard' limit 1), 'Restore Benefit', 'SI automatically reinstated on exhaustion within same policy year', 'core_feature', 4),
((select id from public.insurance_products where product_slug = 'bajaj-motor-od' limit 1), 'Standalone OD Cover', 'Standalone OD policy without TP – for vehicles with long-term TP', 'core_feature', 1),
((select id from public.insurance_products where product_slug = 'bajaj-motor-od' limit 1), 'AI-Based Claims', 'AI-based claims processing with photo upload via app', 'digital_feature', 2),
((select id from public.insurance_products where product_slug = 'bajaj-motor-od' limit 1), 'NCB Protection', 'NCB protection rider available to preserve bonus', 'optional_feature', 3),
((select id from public.insurance_products where product_slug = 'bajaj-motor-od' limit 1), 'Express Claims', 'Express 30-minute claim approval for eligible claims', 'core_feature', 4),
((select id from public.insurance_products where product_slug = 'new-india-mediclaim' limit 1), 'Government Trust', 'PSU insurer – high trust factor with sovereign backing', 'core_feature', 1),
((select id from public.insurance_products where product_slug = 'new-india-mediclaim' limit 1), 'Cashless Network', 'Cashless at 6,500+ empanelled hospitals', 'network_feature', 2),
((select id from public.insurance_products where product_slug = 'new-india-mediclaim' limit 1), 'NCB', 'No-claim bonus: 5% per year up to 25% maximum', 'financial_feature', 3),
((select id from public.insurance_products where product_slug = 'new-india-mediclaim' limit 1), 'PED Waiting Period', 'Pre-existing diseases covered after 4 years', 'policy_feature', 4),
((select id from public.insurance_products where product_slug = 'new-india-floater-mediclaim' limit 1), 'Family Floater', 'Covers entire family under single sum insured', 'core_feature', 1),
((select id from public.insurance_products where product_slug = 'new-india-floater-mediclaim' limit 1), 'Maternity Add-On', 'Maternity benefit available as add-on', 'optional_feature', 2),
((select id from public.insurance_products where product_slug = 'new-india-floater-mediclaim' limit 1), 'PSU Network', 'Wide PSU hospital network coverage', 'network_feature', 3),
((select id from public.insurance_products where product_slug = 'tata-aig-medicare' limit 1), 'Global Cover Option', 'Global health cover option for international medical emergencies', 'optional_feature', 1),
((select id from public.insurance_products where product_slug = 'tata-aig-medicare' limit 1), 'Restore Benefit', '100% SI reinstatement on exhaustion', 'core_feature', 2),
((select id from public.insurance_products where product_slug = 'tata-aig-medicare' limit 1), 'No Room Rent Capping', 'No room rent capping in premium plans', 'core_feature', 3),
((select id from public.insurance_products where product_slug = 'tata-aig-medicare' limit 1), 'Wellness Benefits', 'Wellness benefits and gym reimbursement included', 'optional_feature', 4),
((select id from public.insurance_products where product_slug = 'hdfc-ergo-optima-secure' limit 1), 'Secure Benefit', 'Effective 2x SA from Day 1 without additional premium', 'core_feature', 1),
((select id from public.insurance_products where product_slug = 'hdfc-ergo-optima-secure' limit 1), 'Plus Benefit – NCB', 'NCB accumulation up to 100%', 'financial_feature', 2),
((select id from public.insurance_products where product_slug = 'hdfc-ergo-optima-secure' limit 1), 'Protect Benefit', 'Waiver of deductible after defined claim-free period', 'core_feature', 3),
((select id from public.insurance_products where product_slug = 'hdfc-ergo-optima-secure' limit 1), 'No Sub-Limits', 'No sub-limits on room rent for SI above INR 10 lakh', 'core_feature', 4),
((select id from public.insurance_products where product_slug = 'star-health-comprehensive' limit 1), 'Widest Hospital Network', 'Cashless at 14,000+ hospitals – widest network in standalone health', 'network_feature', 1),
((select id from public.insurance_products where product_slug = 'star-health-comprehensive' limit 1), 'No Room Rent Restriction', 'No room rent restriction for SI above INR 10 lakh', 'core_feature', 2),
((select id from public.insurance_products where product_slug = 'star-health-comprehensive' limit 1), 'AYUSH Coverage', 'Alternative medicine (AYUSH) treatments covered', 'core_feature', 3),
((select id from public.insurance_products where product_slug = 'star-health-comprehensive' limit 1), 'Annual Health Check-Up', 'Annual health check-up included in policy', 'core_feature', 4),
((select id from public.insurance_products where product_slug = 'star-senior-red-carpet' limit 1), 'Senior Citizen Focus', 'Specifically designed for senior citizens aged 60-75 years', 'core_feature', 1),
((select id from public.insurance_products where product_slug = 'star-senior-red-carpet' limit 1), 'No Pre-Medical Test', 'No pre-insurance medical test required up to INR 10 lakh SI', 'core_feature', 2),
((select id from public.insurance_products where product_slug = 'star-senior-red-carpet' limit 1), 'PED Coverage from Year 2', 'Pre-existing diseases covered from year 2 (with 50% co-payment)', 'core_feature', 3),
((select id from public.insurance_products where product_slug = 'star-senior-red-carpet' limit 1), 'Tele-Consultation', 'Tele-consultation service included', 'digital_feature', 4),
((select id from public.insurance_products where product_slug = 'niva-bupa-reassure-2' limit 1), 'Booster Benefit', 'Unused SI added to next year coverage (up to 100% extra)', 'financial_feature', 1),
((select id from public.insurance_products where product_slug = 'niva-bupa-reassure-2' limit 1), 'Lock the Clock', 'Premiums fixed at entry age for lifetime – no age-based escalation', 'financial_feature', 2),
((select id from public.insurance_products where product_slug = 'niva-bupa-reassure-2' limit 1), 'Cashless Network', 'Cashless at 10,000+ hospitals', 'network_feature', 3),
((select id from public.insurance_products where product_slug = 'niva-bupa-reassure-2' limit 1), 'Unlimited Restoration', 'SI restored unlimited times in a policy year', 'core_feature', 4),
((select id from public.insurance_products where product_slug = 'niva-bupa-reassure-2' limit 1), 'Direct Claim Settlement', 'Many claims settled directly without TPA intermediary', 'digital_feature', 5),
((select id from public.insurance_products where product_slug = 'go-digit-car-comprehensive' limit 1), 'Self-Inspection Renewal', 'App-based self-inspection for policy renewal', 'digital_feature', 1),
((select id from public.insurance_products where product_slug = 'go-digit-car-comprehensive' limit 1), 'Pay-As-You-Drive', 'Usage-based pay-as-you-drive motor insurance option', 'optional_feature', 2),
((select id from public.insurance_products where product_slug = 'go-digit-car-comprehensive' limit 1), 'Cashless Garage Network', '12,000+ cashless garages across India', 'network_feature', 3),
((select id from public.insurance_products where product_slug = 'go-digit-car-comprehensive' limit 1), 'AI Claims Assessment', 'AI-powered instant claim assessment', 'digital_feature', 4),
((select id from public.insurance_products where product_slug = 'go-digit-car-comprehensive' limit 1), '24x7 Roadside Assistance', '24x7 roadside assistance service', 'core_feature', 5);

-- product_benefits
insert into public.product_benefits (product_id, benefit_type, benefit_description, applies_to) values
((select id from public.insurance_products where product_slug = 'lic-tech-term-854' limit 1), 'Death Benefit', 'Sum Assured on Death paid to nominee', 'base_plan'),
((select id from public.insurance_products where product_slug = 'lic-tech-term-854' limit 1), 'Maturity Benefit', 'Nil – pure term plan has no maturity benefit', 'base_plan'),
((select id from public.insurance_products where product_slug = 'lic-tech-term-854' limit 1), 'Survival Benefit', 'Nil', 'base_plan'),
((select id from public.insurance_products where product_slug = 'lic-jeevan-amar-855' limit 1), 'Death Benefit', 'Sum Assured on Death paid to nominee', 'base_plan'),
((select id from public.insurance_products where product_slug = 'lic-jeevan-amar-855' limit 1), 'Maturity Benefit', 'Nil – pure term plan', 'base_plan'),
((select id from public.insurance_products where product_slug = 'lic-jeevan-amar-855' limit 1), 'Survival Benefit', 'Nil', 'base_plan'),
((select id from public.insurance_products where product_slug = 'lic-new-jeevan-anand-815' limit 1), 'Death Benefit', 'Sum Assured + Vested Bonus + Final Additional Bonus paid to nominee', 'base_plan'),
((select id from public.insurance_products where product_slug = 'lic-new-jeevan-anand-815' limit 1), 'Maturity Benefit', 'Sum Assured + Vested Bonus + Final Additional Bonus paid on survival', 'base_plan'),
((select id from public.insurance_products where product_slug = 'lic-new-jeevan-anand-815' limit 1), 'Survival Benefit', 'Nil (bonus added at maturity, not intermediate)', 'base_plan'),
((select id from public.insurance_products where product_slug = 'lic-jeevan-umang-945' limit 1), 'Death Benefit', 'Sum Assured + Vested Bonus + Final Additional Bonus paid to nominee', 'base_plan'),
((select id from public.insurance_products where product_slug = 'lic-jeevan-umang-945' limit 1), 'Maturity Benefit', 'Sum Assured + Vested Bonus paid at age 100 (maturity)', 'base_plan'),
((select id from public.insurance_products where product_slug = 'lic-jeevan-umang-945' limit 1), 'Survival Benefit', '8% of Sum Assured paid annually after Premium Payment Term until age 100', 'base_plan'),
((select id from public.insurance_products where product_slug = 'lic-money-back-20-820' limit 1), 'Death Benefit', 'Full Sum Assured (regardless of survival benefits already paid) + Vested Bonus', 'base_plan'),
((select id from public.insurance_products where product_slug = 'lic-money-back-20-820' limit 1), 'Maturity Benefit', '40% of SA + Vested Bonus at end of 20-year term', 'base_plan'),
((select id from public.insurance_products where product_slug = 'lic-money-back-20-820' limit 1), 'Survival Benefit', '20% of SA each at 5th, 10th, and 15th policy year', 'base_plan'),
((select id from public.insurance_products where product_slug = 'lic-siip-852' limit 1), 'Death Benefit', 'Higher of Fund Value or Sum Assured (10x annual premium)', 'base_plan'),
((select id from public.insurance_products where product_slug = 'lic-siip-852' limit 1), 'Maturity Benefit', 'Fund Value at maturity', 'base_plan'),
((select id from public.insurance_products where product_slug = 'lic-siip-852' limit 1), 'Survival Benefit', 'Partial withdrawals allowed after 5-year lock-in', 'base_plan'),
((select id from public.insurance_products where product_slug = 'lic-dhan-rekha-863' limit 1), 'Death Benefit', 'Sum Assured + Guaranteed Additions paid to nominee', 'base_plan'),
((select id from public.insurance_products where product_slug = 'lic-dhan-rekha-863' limit 1), 'Maturity Benefit', 'Sum Assured + Guaranteed Additions + Loyalty Addition at maturity', 'base_plan'),
((select id from public.insurance_products where product_slug = 'lic-dhan-rekha-863' limit 1), 'Survival Benefit', 'Nil', 'base_plan'),
((select id from public.insurance_products where product_slug = 'hdfc-click2protect-super' limit 1), 'Death Benefit', 'Sum Assured paid as lump sum, monthly income, or combination as chosen', 'base_plan'),
((select id from public.insurance_products where product_slug = 'hdfc-click2protect-super' limit 1), 'Maturity Benefit', 'ROP variant: return of total premium paid on survival to maturity', 'optional_addon'),
((select id from public.insurance_products where product_slug = 'hdfc-click2protect-super' limit 1), 'Survival Benefit', 'Nil (base plan); ROP if opted', 'base_plan'),
((select id from public.insurance_products where product_slug = 'hdfc-sanchay-par-advantage' limit 1), 'Death Benefit', 'Sum Assured + Vested Reversionary Bonus + Terminal Bonus', 'base_plan'),
((select id from public.insurance_products where product_slug = 'hdfc-sanchay-par-advantage' limit 1), 'Maturity Benefit', 'Bonus + Special/Terminal Bonus at maturity', 'base_plan'),
((select id from public.insurance_products where product_slug = 'hdfc-sanchay-par-advantage' limit 1), 'Survival Benefit', 'Guaranteed income payout post PPT', 'base_plan'),
((select id from public.insurance_products where product_slug = 'hdfc-progrowth-plus' limit 1), 'Death Benefit', 'Higher of Fund Value or Sum Assured (10x annual premium)', 'base_plan'),
((select id from public.insurance_products where product_slug = 'hdfc-progrowth-plus' limit 1), 'Maturity Benefit', 'Fund Value on maturity', 'base_plan'),
((select id from public.insurance_products where product_slug = 'hdfc-progrowth-plus' limit 1), 'Survival Benefit', 'Partial withdrawals allowed after 5-year lock-in', 'base_plan'),
((select id from public.insurance_products where product_slug = 'icici-pru-iprotect-smart' limit 1), 'Death Benefit', 'Sum Assured paid as lump sum, monthly income, or combination', 'base_plan'),
((select id from public.insurance_products where product_slug = 'icici-pru-iprotect-smart' limit 1), 'Maturity Benefit', 'Smart Exit Benefit (return of premium) if opted at select ages', 'optional_addon'),
((select id from public.insurance_products where product_slug = 'icici-pru-iprotect-smart' limit 1), 'Survival Benefit', 'Nil (base plan)', 'base_plan'),
((select id from public.insurance_products where product_slug = 'icici-pru-signature' limit 1), 'Death Benefit', 'Higher of SA, 105% of premiums paid, or Fund Value', 'base_plan'),
((select id from public.insurance_products where product_slug = 'icici-pru-signature' limit 1), 'Maturity Benefit', 'Fund Value at maturity', 'base_plan'),
((select id from public.insurance_products where product_slug = 'icici-pru-signature' limit 1), 'Survival Benefit', 'Partial withdrawals after 5-year lock-in', 'base_plan'),
((select id from public.insurance_products where product_slug = 'sbi-eshield-next' limit 1), 'Death Benefit', 'Sum Assured paid as lump sum or monthly income to nominee', 'base_plan'),
((select id from public.insurance_products where product_slug = 'sbi-eshield-next' limit 1), 'Maturity Benefit', 'Return of premium if ROP option chosen', 'optional_addon'),
((select id from public.insurance_products where product_slug = 'sbi-eshield-next' limit 1), 'Survival Benefit', 'Nil (base plan)', 'base_plan'),
((select id from public.insurance_products where product_slug = 'sbi-smart-wealth-builder' limit 1), 'Death Benefit', 'Sum Assured + Fund Value paid to nominee', 'base_plan'),
((select id from public.insurance_products where product_slug = 'sbi-smart-wealth-builder' limit 1), 'Maturity Benefit', 'Fund Value at maturity', 'base_plan'),
((select id from public.insurance_products where product_slug = 'sbi-smart-wealth-builder' limit 1), 'Survival Benefit', 'Partial withdrawals allowed after 5-year lock-in', 'base_plan'),
((select id from public.insurance_products where product_slug = 'max-smart-secure-plus' limit 1), 'Death Benefit', 'Sum Assured paid as lump sum or income to nominee', 'base_plan'),
((select id from public.insurance_products where product_slug = 'max-smart-secure-plus' limit 1), 'Maturity Benefit', 'ROP variant: full premiums returned on survival to maturity', 'optional_addon'),
((select id from public.insurance_products where product_slug = 'max-smart-secure-plus' limit 1), 'Survival Benefit', 'Nil (base plan)', 'base_plan'),
((select id from public.insurance_products where product_slug = 'bajaj-smart-protect-goal' limit 1), 'Death Benefit', 'Sum Assured (lump sum + income combination option)', 'base_plan'),
((select id from public.insurance_products where product_slug = 'bajaj-smart-protect-goal' limit 1), 'Maturity Benefit', 'Special Exit Value (~60% of premiums) at select ages if opted', 'optional_addon'),
((select id from public.insurance_products where product_slug = 'bajaj-smart-protect-goal' limit 1), 'Survival Benefit', 'Nil (base plan)', 'base_plan'),
((select id from public.insurance_products where product_slug = 'icici-lombard-complete-health' limit 1), 'Hospitalisation Cover', 'In-patient hospitalisation expenses fully covered', 'base_plan'),
((select id from public.insurance_products where product_slug = 'icici-lombard-complete-health' limit 1), 'Pre-Hospitalisation', 'Pre-hospitalisation expenses covered', 'base_plan'),
((select id from public.insurance_products where product_slug = 'icici-lombard-complete-health' limit 1), 'Post-Hospitalisation', 'Post-hospitalisation expenses covered', 'base_plan'),
((select id from public.insurance_products where product_slug = 'icici-lombard-complete-health' limit 1), 'Day Care Procedures', 'Day-care procedures covered without 24-hour hospitalisation requirement', 'base_plan'),
((select id from public.insurance_products where product_slug = 'icici-lombard-two-wheeler' limit 1), 'Own Damage Cover', 'Damage to own vehicle covered', 'base_plan'),
((select id from public.insurance_products where product_slug = 'icici-lombard-two-wheeler' limit 1), 'Third Party Liability', 'Third party bodily injury and property damage covered', 'base_plan'),
((select id from public.insurance_products where product_slug = 'icici-lombard-two-wheeler' limit 1), 'Personal Accident Cover', 'Personal accident cover for owner-driver', 'base_plan'),
((select id from public.insurance_products where product_slug = 'bajaj-health-guard' limit 1), 'In-Patient Hospitalisation', 'In-patient hospitalisation expenses covered', 'base_plan'),
((select id from public.insurance_products where product_slug = 'bajaj-health-guard' limit 1), 'Day Care Procedures', '140+ day-care procedures covered', 'base_plan'),
((select id from public.insurance_products where product_slug = 'bajaj-health-guard' limit 1), 'Domiciliary Treatment', 'Treatment at home (domiciliary hospitalisation) covered', 'base_plan'),
((select id from public.insurance_products where product_slug = 'bajaj-health-guard' limit 1), 'Cumulative Bonus', 'SI increased by 10% per year up to 100% maximum for claim-free years', 'base_plan'),
((select id from public.insurance_products where product_slug = 'bajaj-motor-od' limit 1), 'Own Damage Cover', 'Own damage to vehicle covered under standalone OD policy', 'base_plan'),
((select id from public.insurance_products where product_slug = 'bajaj-motor-od' limit 1), 'Add-On Benefits', 'Zero Dep, Engine Protection, Return to Invoice, Tyre Protection available', 'optional_addon'),
((select id from public.insurance_products where product_slug = 'new-india-mediclaim' limit 1), 'In-Patient Hospitalisation', 'In-patient treatment costs reimbursed/cashless', 'base_plan'),
((select id from public.insurance_products where product_slug = 'new-india-mediclaim' limit 1), 'Pre & Post Hospitalisation', 'Pre and post hospitalisation charges covered', 'base_plan'),
((select id from public.insurance_products where product_slug = 'new-india-mediclaim' limit 1), 'No-Claim Bonus', '5% NCB per year up to 25% maximum for claim-free years', 'base_plan'),
((select id from public.insurance_products where product_slug = 'new-india-floater-mediclaim' limit 1), 'Family Floater Cover', 'All family members covered under single sum insured', 'base_plan'),
((select id from public.insurance_products where product_slug = 'new-india-floater-mediclaim' limit 1), 'Maternity Benefit', 'Maternity benefit available as add-on', 'optional_addon'),
((select id from public.insurance_products where product_slug = 'tata-aig-medicare' limit 1), 'Comprehensive Hospitalisation', 'Full in-patient hospitalisation covered with restore benefit', 'base_plan'),
((select id from public.insurance_products where product_slug = 'tata-aig-medicare' limit 1), 'Global Cover', 'International medical treatment covered (optional)', 'optional_addon'),
((select id from public.insurance_products where product_slug = 'tata-aig-medicare' limit 1), 'Restore Benefit', '100% SI reinstated on exhaustion within same policy year', 'base_plan'),
((select id from public.insurance_products where product_slug = 'hdfc-ergo-optima-secure' limit 1), 'Secure Benefit (2x SA)', 'Effective coverage doubles from Day 1 via Secure Benefit', 'base_plan'),
((select id from public.insurance_products where product_slug = 'hdfc-ergo-optima-secure' limit 1), 'NCB Accumulation', 'NCB up to 100% for claim-free years (Plus Benefit)', 'base_plan'),
((select id from public.insurance_products where product_slug = 'hdfc-ergo-optima-secure' limit 1), 'Deductible Waiver', 'Waiver of deductible after defined claim-free period (Protect Benefit)', 'base_plan'),
((select id from public.insurance_products where product_slug = 'star-health-comprehensive' limit 1), 'In-Patient + Pre/Post Hospitalisation', 'In-patient along with pre and post hospitalisation covered', 'base_plan'),
((select id from public.insurance_products where product_slug = 'star-health-comprehensive' limit 1), 'AYUSH Treatment', 'Ayurveda, Yoga, Unani, Siddha, Homeopathy treatments covered', 'base_plan'),
((select id from public.insurance_products where product_slug = 'star-health-comprehensive' limit 1), 'Annual Health Check-Up', 'Annual health check-up benefit included', 'base_plan'),
((select id from public.insurance_products where product_slug = 'star-senior-red-carpet' limit 1), 'In-Patient Hospitalisation', 'Comprehensive in-patient hospitalisation for senior citizens', 'base_plan'),
((select id from public.insurance_products where product_slug = 'star-senior-red-carpet' limit 1), 'PED Coverage Year 2', 'Pre-existing diseases covered from year 2 with 50% co-payment', 'base_plan'),
((select id from public.insurance_products where product_slug = 'star-senior-red-carpet' limit 1), 'Tele-Consultation', 'Tele-consultation with doctors included', 'base_plan'),
((select id from public.insurance_products where product_slug = 'niva-bupa-reassure-2' limit 1), 'Booster Benefit', 'Unused SI carried forward and added to next year – up to 100% extra', 'base_plan'),
((select id from public.insurance_products where product_slug = 'niva-bupa-reassure-2' limit 1), 'Unlimited Restoration', 'SI restored unlimited times in a policy year on exhaustion', 'base_plan'),
((select id from public.insurance_products where product_slug = 'niva-bupa-reassure-2' limit 1), 'Lock the Clock', 'Premium fixed at entry age permanently – no age-based increase', 'base_plan'),
((select id from public.insurance_products where product_slug = 'go-digit-car-comprehensive' limit 1), 'Own Damage & Third Party', 'Comprehensive coverage for own damage and third party liability', 'base_plan'),
((select id from public.insurance_products where product_slug = 'go-digit-car-comprehensive' limit 1), '24x7 Roadside Assistance', '24 hours, 7 days roadside assistance across India', 'base_plan'),
((select id from public.insurance_products where product_slug = 'go-digit-car-comprehensive' limit 1), 'Pay-As-You-Drive', 'Usage-based insurance for low-mileage drivers', 'optional_addon');

-- product_conditions
insert into public.product_conditions (product_id, condition_type, condition_title, condition_description, severity) values
((select id from public.insurance_products where product_slug = 'lic-tech-term-854' limit 1), 'Exclusions', 'Suicide Exclusion', 'Suicide within 12 months from policy commencement or revival is excluded', 'compliance_critical'),
((select id from public.insurance_products where product_slug = 'lic-tech-term-854' limit 1), 'Exclusions', 'Misrepresentation', 'Policy may be void in case of misrepresentation of material facts', 'compliance_critical'),
((select id from public.insurance_products where product_slug = 'lic-tech-term-854' limit 1), 'Surrender', 'Surrender Value', 'No surrender value for regular pay. Limited pay has special surrender value after 2 years of premium payment', 'important'),
((select id from public.insurance_products where product_slug = 'lic-tech-term-854' limit 1), 'Loan', 'Loan Facility', 'Loan facility is not available under this plan', 'informational'),
((select id from public.insurance_products where product_slug = 'lic-jeevan-amar-855' limit 1), 'Exclusions', 'Suicide Exclusion', 'Suicide within 12 months is excluded', 'compliance_critical'),
((select id from public.insurance_products where product_slug = 'lic-jeevan-amar-855' limit 1), 'Surrender', 'Surrender Value', 'Limited pay: Special Surrender Value available after 2 years of premium payment', 'important'),
((select id from public.insurance_products where product_slug = 'lic-jeevan-amar-855' limit 1), 'Loan', 'Loan Facility', 'Loan facility is not available', 'informational'),
((select id from public.insurance_products where product_slug = 'lic-new-jeevan-anand-815' limit 1), 'Exclusions', 'Suicide Exclusion', 'Suicide within 12 months of revival or commencement is excluded', 'compliance_critical'),
((select id from public.insurance_products where product_slug = 'lic-new-jeevan-anand-815' limit 1), 'Surrender', 'Surrender Value', 'Guaranteed Surrender Value (GSV) after 3 years; Special Surrender Value (SSV) is higher', 'important'),
((select id from public.insurance_products where product_slug = 'lic-new-jeevan-anand-815' limit 1), 'Loan', 'Loan Facility', 'Loan available up to 90% of Surrender Value', 'informational'),
((select id from public.insurance_products where product_slug = 'lic-jeevan-umang-945' limit 1), 'Exclusions', 'Suicide Exclusion', 'Suicide within 12 months is excluded', 'compliance_critical'),
((select id from public.insurance_products where product_slug = 'lic-jeevan-umang-945' limit 1), 'Surrender', 'Surrender Value', 'Surrender available after 3 years: Guaranteed + Special Surrender Value', 'important'),
((select id from public.insurance_products where product_slug = 'lic-jeevan-umang-945' limit 1), 'Loan', 'Loan Facility', 'Loan available up to 90% of Surrender Value', 'informational'),
((select id from public.insurance_products where product_slug = 'lic-money-back-20-820' limit 1), 'Exclusions', 'Suicide Exclusion', 'Suicide within 12 months is excluded', 'compliance_critical'),
((select id from public.insurance_products where product_slug = 'lic-money-back-20-820' limit 1), 'Surrender', 'Surrender Value', 'Surrender value available after 3 years', 'important'),
((select id from public.insurance_products where product_slug = 'lic-money-back-20-820' limit 1), 'Loan', 'Loan Facility', 'Loan facility available', 'informational'),
((select id from public.insurance_products where product_slug = 'lic-siip-852' limit 1), 'Exclusions', 'Suicide Exclusion', 'Suicide within 12 months is excluded', 'compliance_critical'),
((select id from public.insurance_products where product_slug = 'lic-siip-852' limit 1), 'Surrender', 'Lock-In Period', 'After 5-year lock-in period; surrender charges apply on early surrender', 'restrictive'),
((select id from public.insurance_products where product_slug = 'lic-siip-852' limit 1), 'Loan', 'Loan Facility', 'Loan facility is not available under ULIP regulations', 'informational'),
((select id from public.insurance_products where product_slug = 'lic-siip-852' limit 1), 'Tax', 'ULIP Tax Condition', '10(10D) exemption applies only if annual premium does not exceed INR 2.5 lakh', 'compliance_critical'),
((select id from public.insurance_products where product_slug = 'lic-dhan-rekha-863' limit 1), 'Exclusions', 'Suicide Exclusion', 'Suicide within 12 months is excluded', 'compliance_critical'),
((select id from public.insurance_products where product_slug = 'lic-dhan-rekha-863' limit 1), 'Surrender', 'Surrender Value', 'Surrender value available after 2 years', 'important'),
((select id from public.insurance_products where product_slug = 'lic-dhan-rekha-863' limit 1), 'Loan', 'Loan Facility', 'Loan available after 2 years of premium payment', 'informational'),
((select id from public.insurance_products where product_slug = 'hdfc-click2protect-super' limit 1), 'Exclusions', 'Suicide Exclusion', 'Suicide within 12 months of policy commencement is excluded', 'compliance_critical'),
((select id from public.insurance_products where product_slug = 'hdfc-click2protect-super' limit 1), 'Surrender', 'Surrender Value', 'No surrender value for regular pay plans', 'important'),
((select id from public.insurance_products where product_slug = 'hdfc-click2protect-super' limit 1), 'Loan', 'Loan Facility', 'Not applicable for term insurance', 'informational'),
((select id from public.insurance_products where product_slug = 'hdfc-sanchay-par-advantage' limit 1), 'Exclusions', 'Suicide Exclusion', 'Suicide within 12 months; illegal activities excluded', 'compliance_critical'),
((select id from public.insurance_products where product_slug = 'hdfc-sanchay-par-advantage' limit 1), 'Surrender', 'Surrender Value', 'Surrender available after 2 years for limited pay plans', 'important'),
((select id from public.insurance_products where product_slug = 'hdfc-sanchay-par-advantage' limit 1), 'Loan', 'Loan Facility', 'Loan up to 80% of surrender value', 'informational'),
((select id from public.insurance_products where product_slug = 'hdfc-progrowth-plus' limit 1), 'Exclusions', 'Suicide Exclusion', 'Suicide within 12 months is excluded', 'compliance_critical'),
((select id from public.insurance_products where product_slug = 'hdfc-progrowth-plus' limit 1), 'Surrender', 'ULIP Lock-In', 'Surrender allowed only after 5-year mandatory lock-in period', 'restrictive'),
((select id from public.insurance_products where product_slug = 'hdfc-progrowth-plus' limit 1), 'Tax', 'ULIP Tax Condition', '10(10D) exemption applies only if annual premium does not exceed INR 2.5 lakh', 'compliance_critical'),
((select id from public.insurance_products where product_slug = 'icici-pru-iprotect-smart' limit 1), 'Exclusions', 'Suicide Exclusion', 'Suicide within 12 months is excluded', 'compliance_critical'),
((select id from public.insurance_products where product_slug = 'icici-pru-iprotect-smart' limit 1), 'Surrender', 'Surrender Value', 'Limited pay: special surrender value available after 2 years', 'important'),
((select id from public.insurance_products where product_slug = 'icici-pru-iprotect-smart' limit 1), 'Loan', 'Loan Facility', 'Loan facility is not available', 'informational'),
((select id from public.insurance_products where product_slug = 'icici-pru-signature' limit 1), 'Exclusions', 'Suicide Exclusion', 'Suicide within 12 months is excluded', 'compliance_critical'),
((select id from public.insurance_products where product_slug = 'icici-pru-signature' limit 1), 'Surrender', 'ULIP Lock-In', 'Surrender only after 5-year mandatory lock-in', 'restrictive'),
((select id from public.insurance_products where product_slug = 'sbi-eshield-next' limit 1), 'Exclusions', 'Suicide Exclusion', 'Suicide within 12 months is excluded', 'compliance_critical'),
((select id from public.insurance_products where product_slug = 'sbi-eshield-next' limit 1), 'Surrender', 'Surrender Value', 'No surrender for regular pay; limited pay surrender after 2 years', 'important'),
((select id from public.insurance_products where product_slug = 'sbi-eshield-next' limit 1), 'Loan', 'Loan Facility', 'Not available', 'informational'),
((select id from public.insurance_products where product_slug = 'sbi-smart-wealth-builder' limit 1), 'Exclusions', 'Suicide Exclusion', 'Suicide within 12 months is excluded', 'compliance_critical'),
((select id from public.insurance_products where product_slug = 'sbi-smart-wealth-builder' limit 1), 'Surrender', 'ULIP Lock-In', 'Surrender only after 5-year lock-in period', 'restrictive'),
((select id from public.insurance_products where product_slug = 'max-smart-secure-plus' limit 1), 'Exclusions', 'Suicide Exclusion', 'Suicide within 12 months is excluded', 'compliance_critical'),
((select id from public.insurance_products where product_slug = 'max-smart-secure-plus' limit 1), 'Exclusions', 'Aviation/Sports Exclusion', 'Aviation and hazardous sports activities excluded from coverage', 'important'),
((select id from public.insurance_products where product_slug = 'max-smart-secure-plus' limit 1), 'Surrender', 'Surrender Value', 'No surrender for regular pay plans', 'important'),
((select id from public.insurance_products where product_slug = 'max-smart-secure-plus' limit 1), 'Loan', 'Loan Facility', 'Not available', 'informational'),
((select id from public.insurance_products where product_slug = 'bajaj-smart-protect-goal' limit 1), 'Exclusions', 'Suicide Exclusion', 'Suicide within 12 months is excluded', 'compliance_critical'),
((select id from public.insurance_products where product_slug = 'bajaj-smart-protect-goal' limit 1), 'Surrender', 'Surrender Value', 'Limited pay surrender available after 2 years', 'important'),
((select id from public.insurance_products where product_slug = 'bajaj-smart-protect-goal' limit 1), 'Loan', 'Loan Facility', 'Not available', 'informational'),
((select id from public.insurance_products where product_slug = 'icici-lombard-complete-health' limit 1), 'Exclusions', 'Pre-Existing Disease Waiting', 'Pre-existing diseases excluded for first 4 years (48 months) of policy', 'restrictive'),
((select id from public.insurance_products where product_slug = 'icici-lombard-complete-health' limit 1), 'Exclusions', 'Standard Exclusions', 'Cosmetic treatment, dental (unless accident), war, pregnancy (unless add-on) excluded', 'important'),
((select id from public.insurance_products where product_slug = 'icici-lombard-complete-health' limit 1), 'Surrender', 'Policy Cancellation', 'Pro-rata refund on policy cancellation', 'informational'),
((select id from public.insurance_products where product_slug = 'icici-lombard-two-wheeler' limit 1), 'Exclusions', 'Driving Violations', 'Excluded if driving without valid licence, drunk driving, outside geographical area', 'compliance_critical'),
((select id from public.insurance_products where product_slug = 'icici-lombard-two-wheeler' limit 1), 'Exclusions', 'Wear & Tear', 'Normal wear and tear, mechanical breakdown, war/nuclear excluded', 'important'),
((select id from public.insurance_products where product_slug = 'bajaj-health-guard' limit 1), 'Exclusions', 'PED Waiting Period', 'Pre-existing diseases excluded for 4 years', 'restrictive'),
((select id from public.insurance_products where product_slug = 'bajaj-health-guard' limit 1), 'Exclusions', 'Standard Exclusions', 'Dental, vision correction, obesity treatment, war excluded', 'important'),
((select id from public.insurance_products where product_slug = 'bajaj-health-guard' limit 1), 'Surrender', 'Pro-Rata Refund', 'Pro-rata refund on cancellation', 'informational'),
((select id from public.insurance_products where product_slug = 'bajaj-motor-od' limit 1), 'Exclusions', 'Driving Violations', 'Excluded if driving without licence; drunk driving excluded', 'compliance_critical'),
((select id from public.insurance_products where product_slug = 'bajaj-motor-od' limit 1), 'Exclusions', 'Breakdown Exclusion', 'Electrical and mechanical breakdown excluded from base plan', 'important'),
((select id from public.insurance_products where product_slug = 'bajaj-motor-od' limit 1), 'Exclusions', 'Depreciation', 'Depreciation applied on parts in base plan (zero dep add-on available)', 'important'),
((select id from public.insurance_products where product_slug = 'new-india-mediclaim' limit 1), 'Exclusions', 'PED Waiting Period', 'Pre-existing diseases excluded for 4 years', 'restrictive'),
((select id from public.insurance_products where product_slug = 'new-india-mediclaim' limit 1), 'Exclusions', 'Standard Exclusions', 'Dental, war, self-inflicted injury, HIV excluded', 'important'),
((select id from public.insurance_products where product_slug = 'new-india-floater-mediclaim' limit 1), 'Exclusions', 'PED Waiting Period', 'Pre-existing diseases excluded for 4 years', 'restrictive'),
((select id from public.insurance_products where product_slug = 'new-india-floater-mediclaim' limit 1), 'Exclusions', 'Standard Exclusions', 'Fertility treatment, obesity, cosmetic, nuclear excluded', 'important'),
((select id from public.insurance_products where product_slug = 'tata-aig-medicare' limit 1), 'Exclusions', 'PED Waiting Period', 'Pre-existing diseases excluded for 4 years', 'restrictive'),
((select id from public.insurance_products where product_slug = 'tata-aig-medicare' limit 1), 'Exclusions', 'Standard Exclusions', 'Cosmetic, dental, war, self-inflicted excluded', 'important'),
((select id from public.insurance_products where product_slug = 'hdfc-ergo-optima-secure' limit 1), 'Exclusions', 'PED Waiting Period', 'Pre-existing diseases excluded for 4 years', 'restrictive'),
((select id from public.insurance_products where product_slug = 'hdfc-ergo-optima-secure' limit 1), 'Exclusions', 'Standard Exclusions', 'Dental, cosmetic, obesity, war excluded', 'important'),
((select id from public.insurance_products where product_slug = 'star-health-comprehensive' limit 1), 'Exclusions', 'PED Waiting Period', 'Pre-existing diseases excluded for 4 years', 'restrictive'),
((select id from public.insurance_products where product_slug = 'star-health-comprehensive' limit 1), 'Exclusions', 'Standard Exclusions', 'Cosmetic, dental, obesity, self-inflicted injury excluded', 'important'),
((select id from public.insurance_products where product_slug = 'star-senior-red-carpet' limit 1), 'Exclusions', 'Year 1 Exclusions', 'PED, HIV, self-inflicted injury, war, dental excluded in Year 1', 'restrictive'),
((select id from public.insurance_products where product_slug = 'star-senior-red-carpet' limit 1), 'Conditions', 'Co-Payment', '50% co-payment applies when PED treated from Year 2', 'important'),
((select id from public.insurance_products where product_slug = 'niva-bupa-reassure-2' limit 1), 'Exclusions', 'PED Waiting Period', 'Pre-existing diseases excluded for 4 years', 'restrictive'),
((select id from public.insurance_products where product_slug = 'niva-bupa-reassure-2' limit 1), 'Exclusions', 'Standard Exclusions', 'Cosmetic, dental, obesity, war, nuclear excluded', 'important'),
((select id from public.insurance_products where product_slug = 'go-digit-car-comprehensive' limit 1), 'Exclusions', 'Driving Violations', 'DUI (driving under influence) and driving without valid licence excluded', 'compliance_critical'),
((select id from public.insurance_products where product_slug = 'go-digit-car-comprehensive' limit 1), 'Exclusions', 'War/Nuclear', 'War, nuclear perils, and depreciation (base plan) excluded', 'important');

-- product_riders_addons
insert into public.product_riders_addons (product_id, rider_name, rider_type, description, is_optional) values
((select id from public.insurance_products where product_slug = 'lic-tech-term-854' limit 1), 'Accidental Death & Disability Benefit Rider', 'Accidental Rider', 'Provides additional benefit on accidental death or disability', true),
((select id from public.insurance_products where product_slug = 'lic-jeevan-amar-855' limit 1), 'Accidental Death & Disability Benefit Rider', 'Accidental Rider', 'Provides additional benefit on accidental death or disability', true),
((select id from public.insurance_products where product_slug = 'lic-jeevan-amar-855' limit 1), 'Accident Benefit Rider', 'Accidental Rider', 'Additional accident cover rider', true),
((select id from public.insurance_products where product_slug = 'lic-new-jeevan-anand-815' limit 1), 'Accident Benefit Rider', 'Accidental Rider', 'Provides additional sum assured on accidental death', true),
((select id from public.insurance_products where product_slug = 'lic-new-jeevan-anand-815' limit 1), 'New Term Assurance Rider', 'Term Rider', 'Additional term insurance coverage', true),
((select id from public.insurance_products where product_slug = 'lic-new-jeevan-anand-815' limit 1), 'Critical Illness Rider', 'Critical Illness', 'Lump sum on diagnosis of listed critical illnesses', true),
((select id from public.insurance_products where product_slug = 'lic-jeevan-umang-945' limit 1), 'Accident Benefit Rider', 'Accidental Rider', 'Additional benefit on accidental death', true),
((select id from public.insurance_products where product_slug = 'lic-jeevan-umang-945' limit 1), 'New Term Assurance Rider', 'Term Rider', 'Additional term coverage rider', true),
((select id from public.insurance_products where product_slug = 'lic-jeevan-umang-945' limit 1), 'Critical Illness Rider', 'Critical Illness', 'Critical illness coverage rider', true),
((select id from public.insurance_products where product_slug = 'lic-money-back-20-820' limit 1), 'Accident Benefit Rider', 'Accidental Rider', 'Additional accident cover', true),
((select id from public.insurance_products where product_slug = 'lic-money-back-20-820' limit 1), 'Critical Illness Rider', 'Critical Illness', 'Critical illness coverage', true),
((select id from public.insurance_products where product_slug = 'lic-siip-852' limit 1), 'Accident Benefit Rider', 'Accidental Rider', 'Accident benefit rider for ULIP', true),
((select id from public.insurance_products where product_slug = 'lic-dhan-rekha-863' limit 1), 'Accident Benefit Rider', 'Accidental Rider', 'Accident benefit rider', true),
((select id from public.insurance_products where product_slug = 'lic-dhan-rekha-863' limit 1), 'Critical Illness Rider', 'Critical Illness', 'Critical illness coverage rider', true),
((select id from public.insurance_products where product_slug = 'hdfc-click2protect-super' limit 1), 'Critical Illness Rider (34 CI)', 'Critical Illness', 'Covers 34 critical illnesses; lump sum on diagnosis', true),
((select id from public.insurance_products where product_slug = 'hdfc-click2protect-super' limit 1), 'Accidental Death Benefit Rider', 'Accidental Rider', 'Additional sum assured on accidental death', true),
((select id from public.insurance_products where product_slug = 'hdfc-click2protect-super' limit 1), 'Income Benefit Rider', 'Income Rider', 'Monthly income to family on death of life assured', true),
((select id from public.insurance_products where product_slug = 'hdfc-click2protect-super' limit 1), 'Waiver of Premium Rider', 'WOP Rider', 'Future premiums waived on disability/critical illness', true),
((select id from public.insurance_products where product_slug = 'hdfc-sanchay-par-advantage' limit 1), 'Critical Illness Rider', 'Critical Illness', 'CI rider coverage', true),
((select id from public.insurance_products where product_slug = 'hdfc-sanchay-par-advantage' limit 1), 'Waiver of Premium Rider', 'WOP Rider', 'Premium waived on CI or disability', true),
((select id from public.insurance_products where product_slug = 'hdfc-progrowth-plus' limit 1), 'Critical Illness Rider', 'Critical Illness', 'CI rider for ULIP base plan', true),
((select id from public.insurance_products where product_slug = 'hdfc-progrowth-plus' limit 1), 'Accidental Disability Rider', 'Accidental Rider', 'Benefit on accidental disability', true),
((select id from public.insurance_products where product_slug = 'icici-pru-iprotect-smart' limit 1), '34 Critical Illnesses Rider', 'Critical Illness', 'Covers 34 critical illnesses - widest in industry', true),
((select id from public.insurance_products where product_slug = 'icici-pru-iprotect-smart' limit 1), 'Accidental Death Benefit Rider', 'Accidental Rider', 'Additional SA on accidental death', true),
((select id from public.insurance_products where product_slug = 'icici-pru-iprotect-smart' limit 1), 'Disability Rider', 'Disability', 'Benefit on permanent disability', true),
((select id from public.insurance_products where product_slug = 'icici-pru-signature' limit 1), 'Waiver of Premium on CI Rider', 'WOP Rider', 'Premiums waived on critical illness diagnosis', true),
((select id from public.insurance_products where product_slug = 'icici-pru-signature' limit 1), 'Accidental Death Rider', 'Accidental Rider', 'Accidental death benefit', true),
((select id from public.insurance_products where product_slug = 'sbi-eshield-next' limit 1), 'Accidental Death Benefit Rider', 'Accidental Rider', 'Additional SA on accidental death', true),
((select id from public.insurance_products where product_slug = 'sbi-eshield-next' limit 1), 'Accidental Total & Permanent Disability Rider', 'Disability', 'Benefit on total permanent disability due to accident', true),
((select id from public.insurance_products where product_slug = 'sbi-smart-wealth-builder' limit 1), 'Accidental Death Rider', 'Accidental Rider', 'Accidental death cover for ULIP', true),
((select id from public.insurance_products where product_slug = 'sbi-smart-wealth-builder' limit 1), 'Critical Illness Rider', 'Critical Illness', 'CI coverage rider', true),
((select id from public.insurance_products where product_slug = 'max-smart-secure-plus' limit 1), 'Critical Illness & Disability Rider', 'Critical Illness', 'CI and disability combined rider', true),
((select id from public.insurance_products where product_slug = 'max-smart-secure-plus' limit 1), 'Accident Cover Rider', 'Accidental Rider', 'Accident benefit rider', true),
((select id from public.insurance_products where product_slug = 'max-smart-secure-plus' limit 1), 'Premium Waiver Rider', 'WOP Rider', 'Premiums waived on CI/disability', true),
((select id from public.insurance_products where product_slug = 'bajaj-smart-protect-goal' limit 1), 'Accidental Death Rider', 'Accidental Rider', 'Accidental death benefit rider', true),
((select id from public.insurance_products where product_slug = 'bajaj-smart-protect-goal' limit 1), 'Critical Illness Rider', 'Critical Illness', 'Critical illness benefit rider', true),
((select id from public.insurance_products where product_slug = 'bajaj-smart-protect-goal' limit 1), 'Waiver of Premium Rider', 'WOP Rider', 'Premium waiver on CI/disability', true),
((select id from public.insurance_products where product_slug = 'icici-lombard-complete-health' limit 1), 'Critical Illness Add-On', 'Critical Illness', 'Lump sum on diagnosis of critical illness', true),
((select id from public.insurance_products where product_slug = 'icici-lombard-complete-health' limit 1), 'Accidental Hospitalization Add-On', 'Accidental Rider', 'Extra cover for accidental hospitalisation', true),
((select id from public.insurance_products where product_slug = 'icici-lombard-complete-health' limit 1), 'OPD Add-On', 'OPD', 'Outpatient treatment expense coverage', true),
((select id from public.insurance_products where product_slug = 'icici-lombard-two-wheeler' limit 1), 'PA Cover Owner-Driver', 'Personal Accident', 'Mandatory personal accident cover for owner-driver', false),
((select id from public.insurance_products where product_slug = 'icici-lombard-two-wheeler' limit 1), 'Zero Depreciation Add-On', 'Zero Dep', 'Claims settled without depreciation deduction on parts', true),
((select id from public.insurance_products where product_slug = 'icici-lombard-two-wheeler' limit 1), 'Engine Protection Add-On', 'Engine Cover', 'Engine damage due to flooding/leakage covered', true),
((select id from public.insurance_products where product_slug = 'icici-lombard-two-wheeler' limit 1), 'Roadside Assistance Add-On', 'Roadside Assist', '24x7 roadside assistance service', true),
((select id from public.insurance_products where product_slug = 'bajaj-health-guard' limit 1), 'Critical Illness Add-On', 'Critical Illness', 'Lump sum on CI diagnosis', true),
((select id from public.insurance_products where product_slug = 'bajaj-health-guard' limit 1), 'OPD Add-On', 'OPD', 'Outpatient treatment costs covered', true),
((select id from public.insurance_products where product_slug = 'bajaj-health-guard' limit 1), 'Maternity Add-On', 'Maternity', 'Maternity and childbirth expenses covered', true),
((select id from public.insurance_products where product_slug = 'bajaj-motor-od' limit 1), 'Zero Depreciation Add-On', 'Zero Dep', 'No depreciation on parts during claim', true),
((select id from public.insurance_products where product_slug = 'bajaj-motor-od' limit 1), 'Engine Protection Add-On', 'Engine Cover', 'Engine damage protection', true),
((select id from public.insurance_products where product_slug = 'bajaj-motor-od' limit 1), 'Return to Invoice Add-On', 'RTI', 'Claim equals original invoice value in total loss', true),
((select id from public.insurance_products where product_slug = 'bajaj-motor-od' limit 1), 'Tyre Protection Add-On', 'Tyre Cover', 'Tyre damage claim coverage', true),
((select id from public.insurance_products where product_slug = 'new-india-mediclaim' limit 1), 'Critical Illness Rider', 'Critical Illness', 'Critical illness benefit', true),
((select id from public.insurance_products where product_slug = 'new-india-mediclaim' limit 1), 'Top-Up Add-On', 'Top-Up', 'Additional health coverage beyond base SI', true),
((select id from public.insurance_products where product_slug = 'new-india-floater-mediclaim' limit 1), 'Personal Accident Add-On', 'Personal Accident', 'Accident benefit add-on', true),
((select id from public.insurance_products where product_slug = 'new-india-floater-mediclaim' limit 1), 'Critical Illness Rider', 'Critical Illness', 'CI benefit', true),
((select id from public.insurance_products where product_slug = 'tata-aig-medicare' limit 1), 'Critical Illness Add-On', 'Critical Illness', 'CI lump sum benefit', true),
((select id from public.insurance_products where product_slug = 'tata-aig-medicare' limit 1), 'Maternity Add-On', 'Maternity', 'Maternity benefit coverage', true),
((select id from public.insurance_products where product_slug = 'tata-aig-medicare' limit 1), 'Personal Accident Add-On', 'Personal Accident', 'PA cover add-on', true),
((select id from public.insurance_products where product_slug = 'hdfc-ergo-optima-secure' limit 1), 'Critical Illness Add-On', 'Critical Illness', 'CI benefit rider', true),
((select id from public.insurance_products where product_slug = 'hdfc-ergo-optima-secure' limit 1), 'Personal Accident Add-On', 'Personal Accident', 'PA cover', true),
((select id from public.insurance_products where product_slug = 'hdfc-ergo-optima-secure' limit 1), 'Maternity Add-On', 'Maternity', 'Maternity benefit', true),
((select id from public.insurance_products where product_slug = 'hdfc-ergo-optima-secure' limit 1), 'OPD Add-On', 'OPD', 'Outpatient coverage', true),
((select id from public.insurance_products where product_slug = 'star-health-comprehensive' limit 1), 'Accidental Death Add-On', 'Accidental Rider', 'Accidental death benefit', true),
((select id from public.insurance_products where product_slug = 'star-health-comprehensive' limit 1), 'Personal Accident Add-On', 'Personal Accident', 'PA coverage', true),
((select id from public.insurance_products where product_slug = 'star-health-comprehensive' limit 1), 'OPD Add-On', 'OPD', 'Outpatient coverage', true),
((select id from public.insurance_products where product_slug = 'star-senior-red-carpet' limit 1), 'Personal Accident Add-On', 'Personal Accident', 'PA cover for senior citizens', true),
((select id from public.insurance_products where product_slug = 'niva-bupa-reassure-2' limit 1), 'Critical Illness Rider', 'Critical Illness', 'CI lump sum benefit', true),
((select id from public.insurance_products where product_slug = 'niva-bupa-reassure-2' limit 1), 'Personal Accident Add-On', 'Personal Accident', 'PA coverage', true),
((select id from public.insurance_products where product_slug = 'niva-bupa-reassure-2' limit 1), 'OPD Add-On', 'OPD', 'Outpatient coverage', true),
((select id from public.insurance_products where product_slug = 'niva-bupa-reassure-2' limit 1), 'Maternity Add-On', 'Maternity', 'Maternity benefit', true),
((select id from public.insurance_products where product_slug = 'go-digit-car-comprehensive' limit 1), 'Zero Depreciation Add-On', 'Zero Dep', 'No depreciation on parts claimed', true),
((select id from public.insurance_products where product_slug = 'go-digit-car-comprehensive' limit 1), 'Breakdown Assistance Add-On', 'Roadside Assist', 'Roadside assistance for breakdowns', true),
((select id from public.insurance_products where product_slug = 'go-digit-car-comprehensive' limit 1), 'Engine Protection Add-On', 'Engine Cover', 'Engine protection against flooding/leakage', true),
((select id from public.insurance_products where product_slug = 'go-digit-car-comprehensive' limit 1), 'Consumables Add-On', 'Consumables', 'Consumable parts included in claim', true);

-- product_claim_performance
insert into public.product_claim_performance (product_id, metric_name, metric_value, metric_year, metric_context, source_note) values
((select id from public.insurance_products where product_slug = 'lic-tech-term-854' limit 1), 'Claim Settlement Ratio (CSR)', '98.62%', '2023-24', 'LIC overall CSR; product-level data not publicly disclosed', 'IRDAI Annual Report 2023-24'),
((select id from public.insurance_products where product_slug = 'lic-jeevan-amar-855' limit 1), 'Claim Settlement Ratio (CSR)', '98.62%', '2023-24', 'LIC overall CSR', 'IRDAI Annual Report 2023-24'),
((select id from public.insurance_products where product_slug = 'lic-new-jeevan-anand-815' limit 1), 'Claim Settlement Ratio (CSR)', '98.62%', '2023-24', 'LIC overall CSR', 'IRDAI Annual Report 2023-24'),
((select id from public.insurance_products where product_slug = 'lic-jeevan-umang-945' limit 1), 'Claim Settlement Ratio (CSR)', '98.62%', '2023-24', 'LIC overall CSR', 'IRDAI Annual Report 2023-24'),
((select id from public.insurance_products where product_slug = 'lic-money-back-20-820' limit 1), 'Claim Settlement Ratio (CSR)', '98.62%', '2023-24', 'LIC overall CSR', 'IRDAI Annual Report 2023-24'),
((select id from public.insurance_products where product_slug = 'lic-siip-852' limit 1), 'Claim Settlement Ratio (CSR)', '98.62%', '2023-24', 'LIC overall CSR', 'IRDAI Annual Report 2023-24'),
((select id from public.insurance_products where product_slug = 'lic-dhan-rekha-863' limit 1), 'Claim Settlement Ratio (CSR)', '98.62%', '2023-24', 'LIC overall CSR', 'IRDAI Annual Report 2023-24'),
((select id from public.insurance_products where product_slug = 'hdfc-click2protect-super' limit 1), 'Claim Settlement Ratio (CSR)', '99.39%', '2023-24', 'HDFC Life overall CSR', 'IRDAI Annual Report 2023-24'),
((select id from public.insurance_products where product_slug = 'hdfc-sanchay-par-advantage' limit 1), 'Claim Settlement Ratio (CSR)', '99.39%', '2023-24', 'HDFC Life overall CSR', 'IRDAI Annual Report 2023-24'),
((select id from public.insurance_products where product_slug = 'hdfc-progrowth-plus' limit 1), 'Claim Settlement Ratio (CSR)', '99.39%', '2023-24', 'HDFC Life overall CSR', 'IRDAI Annual Report 2023-24'),
((select id from public.insurance_products where product_slug = 'icici-pru-iprotect-smart' limit 1), 'Claim Settlement Ratio (CSR)', '97.90%', '2023-24', 'ICICI Prudential Life overall CSR', 'IRDAI Annual Report 2023-24'),
((select id from public.insurance_products where product_slug = 'icici-pru-signature' limit 1), 'Claim Settlement Ratio (CSR)', '97.90%', '2023-24', 'ICICI Prudential Life overall CSR', 'IRDAI Annual Report 2023-24'),
((select id from public.insurance_products where product_slug = 'sbi-eshield-next' limit 1), 'Claim Settlement Ratio (CSR)', '96.64%', '2023-24', 'SBI Life overall CSR', 'IRDAI Annual Report 2023-24'),
((select id from public.insurance_products where product_slug = 'sbi-smart-wealth-builder' limit 1), 'Claim Settlement Ratio (CSR)', '96.64%', '2023-24', 'SBI Life overall CSR', 'IRDAI Annual Report 2023-24'),
((select id from public.insurance_products where product_slug = 'max-smart-secure-plus' limit 1), 'Claim Settlement Ratio (CSR)', '99.51%', '2023-24', 'Max Life overall CSR – highest in industry', 'IRDAI Annual Report 2023-24'),
((select id from public.insurance_products where product_slug = 'bajaj-smart-protect-goal' limit 1), 'Claim Settlement Ratio (CSR)', '98.02%', '2023-24', 'Bajaj Allianz Life overall CSR', 'IRDAI Annual Report 2023-24'),
((select id from public.insurance_products where product_slug = 'icici-lombard-complete-health' limit 1), 'Incurred Claims Ratio (ICR)', '85.20%', '2022-23', 'ICICI Lombard General ICR; CSR noted as 85.20%', 'IRDAI Annual Report 2022-23'),
((select id from public.insurance_products where product_slug = 'icici-lombard-two-wheeler' limit 1), 'Incurred Claims Ratio (ICR)', '85.20%', '2022-23', 'ICICI Lombard General company-level ICR', 'IRDAI Annual Report 2022-23'),
((select id from public.insurance_products where product_slug = 'bajaj-health-guard' limit 1), 'Claim Settlement Ratio (CSR)', '89.10%', '2023-24', 'Bajaj Allianz General CSR', 'IRDAI Annual Report 2023-24'),
((select id from public.insurance_products where product_slug = 'bajaj-motor-od' limit 1), 'Claim Settlement Ratio (CSR)', '89.10%', '2023-24', 'Bajaj Allianz General CSR', 'IRDAI Annual Report 2023-24'),
((select id from public.insurance_products where product_slug = 'new-india-mediclaim' limit 1), 'Claim Settlement Ratio (CSR)', '82.40%', '2023-24', 'New India Assurance company-level CSR', 'IRDAI Annual Report 2023-24'),
((select id from public.insurance_products where product_slug = 'new-india-floater-mediclaim' limit 1), 'Claim Settlement Ratio (CSR)', '82.40%', '2023-24', 'New India Assurance company-level CSR', 'IRDAI Annual Report 2023-24'),
((select id from public.insurance_products where product_slug = 'tata-aig-medicare' limit 1), 'Claim Settlement Ratio (CSR)', '86.50%', '2023-24', 'TATA AIG General CSR', 'IRDAI Annual Report 2023-24'),
((select id from public.insurance_products where product_slug = 'hdfc-ergo-optima-secure' limit 1), 'Claim Settlement Ratio (CSR)', '92.10%', '2023-24', 'HDFC ERGO General CSR', 'IRDAI Annual Report 2023-24'),
((select id from public.insurance_products where product_slug = 'star-health-comprehensive' limit 1), 'Claim Settlement Ratio (CSR)', '90.10%', '2023-24', 'Star Health company-level CSR', 'IRDAI Annual Report 2023-24'),
((select id from public.insurance_products where product_slug = 'star-senior-red-carpet' limit 1), 'Claim Settlement Ratio (CSR)', '90.10%', '2023-24', 'Star Health company-level CSR', 'IRDAI Annual Report 2023-24'),
((select id from public.insurance_products where product_slug = 'niva-bupa-reassure-2' limit 1), 'Claim Settlement Ratio (CSR)', '91.30%', '2023-24', 'Niva Bupa Health company-level CSR', 'IRDAI Annual Report 2023-24'),
((select id from public.insurance_products where product_slug = 'go-digit-car-comprehensive' limit 1), 'Claim Settlement Rate', '96.00%', '2023-24', 'Go Digit claim settlement rate (general)', 'IRDAI Annual Report 2023-24');

-- product_ideal_customer_profiles
insert into public.product_ideal_customer_profiles (product_id, profile_summary, customer_life_stage, income_segment, risk_profile, recommended_for, not_recommended_for) values
((select id from public.insurance_products where product_slug = 'lic-tech-term-854' limit 1), 'Salaried/self-employed individuals aged 25-45 seeking high cover at low cost online', array['Young Professional', 'Early Family']::text[], array['Middle Income', 'Upper-Middle Income']::text[], array['Low Risk (protection focus)']::text[], array['First-time insurance buyers', 'online buyers', 'non-smokers wanting discount', 'tech-savvy professionals']::text[], array['Those needing savings/investment returns', 'prefer offline buying']::text[]),
((select id from public.insurance_products where product_slug = 'lic-jeevan-amar-855' limit 1), 'Customers who prefer agent-based buying and require large cover', array['Young Professional', 'Early Family', 'Mid-Career']::text[], array['Middle Income', 'Upper-Middle Income']::text[], array['Low Risk (protection focus)']::text[], array['Agent-relationship buyers', 'rural/semi-urban customers', 'those needing large SA']::text[], array['Online-only buyers', 'those wanting digital experience']::text[]),
((select id from public.insurance_products where product_slug = 'lic-new-jeevan-anand-815' limit 1), 'Conservative investors wanting guaranteed returns + life cover', array['Early Family', 'Mid-Career']::text[], array['Middle Income']::text[], array['Low Risk', 'Conservative']::text[], array['Risk-averse individuals wanting savings + insurance combo', 'LIC loyalists']::text[], array['High-return seekers', 'ULIP investors', 'those needing flexibility']::text[]),
((select id from public.insurance_products where product_slug = 'lic-jeevan-umang-945' limit 1), 'Individuals seeking lifelong insurance + regular income post retirement', array['Mid-Career', 'Pre-Retirement']::text[], array['Middle Income', 'Upper-Middle Income']::text[], array['Low Risk', 'Long-term']::text[], array['Retirement income planners', 'government employees', 'LIC loyalists']::text[], array['Market return seekers', 'those wanting shorter premium commitments']::text[]),
((select id from public.insurance_products where product_slug = 'lic-money-back-20-820' limit 1), 'Families needing periodic liquidity + insurance protection', array['Early Family', 'Mid-Career']::text[], array['Middle Income']::text[], array['Low Risk', 'Liquidity Need']::text[], array['Families with periodic expense milestones (education', 'marriage)', 'conservative investors']::text[], array['High-cover seekers', 'pure protection buyers', 'ULIP investors']::text[]),
((select id from public.insurance_products where product_slug = 'lic-siip-852' limit 1), 'Market-linked wealth creation with insurance cover for long-term investors', array['Young Professional', 'Early Family']::text[], array['Middle Income', 'Upper-Middle Income']::text[], array['Moderate Risk']::text[], array['Long-term wealth builders wanting LIC brand + market returns', '10+ year investors']::text[], array['Short-term investors', 'risk-averse individuals', 'those needing flexibility']::text[]),
((select id from public.insurance_products where product_slug = 'lic-dhan-rekha-863' limit 1), 'Risk-averse investors wanting guaranteed returns over long term', array['Mid-Career', 'Pre-Retirement']::text[], array['Middle Income', 'Upper-Middle Income']::text[], array['Very Low Risk', 'Conservative']::text[], array['Fixed income alternatives seekers', 'guaranteed return planners']::text[], array['Market-linked return seekers', 'young investors with long horizon']::text[]),
((select id from public.insurance_products where product_slug = 'hdfc-click2protect-super' limit 1), 'Young professionals & families wanting comprehensive online term cover with feature-rich options', array['Young Professional', 'Early Family']::text[], array['Middle Income', 'Upper-Middle Income', 'High Income']::text[], array['Low Risk (protection)']::text[], array['Tech-savvy buyers', 'HNIs needing high cover', 'families with long-term protection need']::text[], array['Offline buyers', 'savings product seekers']::text[]),
((select id from public.insurance_products where product_slug = 'hdfc-sanchay-par-advantage' limit 1), 'High net-worth individuals wanting long-term guaranteed income + insurance', array['Mid-Career', 'Pre-Retirement', 'Retirement']::text[], array['High Income', 'HNI']::text[], array['Low Risk', 'Wealth Preservation']::text[], array['HNIs', 'business owners', 'NRIs wanting long-term income + insurance']::text[], array['Middle-income segment (premium range is high)', 'short-term planners']::text[]),
((select id from public.insurance_products where product_slug = 'hdfc-progrowth-plus' limit 1), 'Market-oriented investors with 10+ year investment horizon', array['Young Professional', 'Early Family']::text[], array['Middle Income', 'Upper-Middle Income']::text[], array['Moderate to High Risk']::text[], array['Long-term equity wealth builders', 'tax-saving ULIP investors']::text[], array['Conservative investors', 'those needing short-term liquidity']::text[]),
((select id from public.insurance_products where product_slug = 'icici-pru-iprotect-smart' limit 1), 'Young earners, HNIs, self-employed needing wide CI cover with term plan', array['Young Professional', 'Early Family', 'Self-Employed']::text[], array['Middle Income', 'Upper-Middle Income', 'HNI']::text[], array['Low Risk (protection)']::text[], array['Self-employed professionals', 'HNIs', 'anyone with CI risk history or family history']::text[], array['Pure savings seekers', 'those not needing CI coverage']::text[]),
((select id from public.insurance_products where product_slug = 'icici-pru-signature' limit 1), 'High-premium investors seeking zero-cost wealth creation with insurance', array['Mid-Career', 'Business Owner']::text[], array['High Income', 'HNI']::text[], array['Moderate to High Risk']::text[], array['Sophisticated investors wanting minimal charges', 'equity exposure', '20+ fund choice']::text[], array['Middle income', 'conservative investors', 'short-term goals']::text[]),
((select id from public.insurance_products where product_slug = 'sbi-eshield-next' limit 1), 'SBI bank customers, tech-savvy buyers wanting online term plan with flexibility', array['Young Professional', 'Early Family']::text[], array['Middle Income', 'Upper-Middle Income']::text[], array['Low Risk (protection)']::text[], array['SBI bank customers', 'those wanting bancassurance', 'women (premium discount)']::text[], array['Non-SBI customers preferring other brands']::text[]),
((select id from public.insurance_products where product_slug = 'sbi-smart-wealth-builder' limit 1), 'Long-term wealth creation + tax saving for salaried/professional segment', array['Young Professional', 'Early Family']::text[], array['Middle Income', 'Upper-Middle Income']::text[], array['Moderate Risk']::text[], array['Passive investors wanting lifecycle rebalancing', 'tax planning via 80C']::text[], array['Active investors', 'conservative returns seekers']::text[]),
((select id from public.insurance_products where product_slug = 'max-smart-secure-plus' limit 1), 'Breadwinners wanting highest CSR assurance + flexible premium options', array['Young Professional', 'Early Family', 'Self-Employed']::text[], array['Middle Income', 'Upper-Middle Income', 'High Income']::text[], array['Low Risk (protection)']::text[], array['Primary earners in family', 'those valuing claim assurance', 'premium-break seekers']::text[], array['Pure savings seekers', 'those wanting low-cost minimal feature plan']::text[]),
((select id from public.insurance_products where product_slug = 'bajaj-smart-protect-goal' limit 1), 'Young families wanting flexible term cover with attractive exit benefit', array['Young Professional', 'Early Family']::text[], array['Middle Income']::text[], array['Low Risk (protection)']::text[], array['Young couples and new parents', 'those wanting exit option at retirement age']::text[], array['Pure protection buyers wanting no-frills cheapest term']::text[]),
((select id from public.insurance_products where product_slug = 'icici-lombard-complete-health' limit 1), 'Families wanting comprehensive cover with wide hospital network', array['Early Family', 'Mid-Career']::text[], array['Middle Income', 'Upper-Middle Income']::text[], array['Health Risk Awareness']::text[], array['Urban families', 'those near metro hospitals', 'frequent hospitalisation risk']::text[], array['Budget-conscious buyers', 'those in Tier 2/3 cities with limited network access']::text[]),
((select id from public.insurance_products where product_slug = 'icici-lombard-two-wheeler' limit 1), '2-wheeler owners wanting affordable comprehensive motor cover', array['Young Professional', 'Early Family']::text[], array['Lower Income', 'Middle Income']::text[], array['Low to Moderate Risk']::text[], array['All 2-wheeler owners (mandatory TP', 'OD optional)', 'daily commuters']::text[], array['Not applicable – all 2-wheeler owners need at minimum TP cover']::text[]),
((select id from public.insurance_products where product_slug = 'bajaj-health-guard' limit 1), 'Middle-income families seeking affordable health floater plan', array['Early Family', 'Mid-Career']::text[], array['Middle Income']::text[], array['Health Risk Awareness']::text[], array['Budget-conscious families', 'small businesses for employee cover']::text[], array['HNIs needing premium features', 'senior citizens (age restriction)']::text[]),
((select id from public.insurance_products where product_slug = 'bajaj-motor-od' limit 1), 'Vehicle owners with existing long-term TP needing standalone OD cover', array['Any']::text[], array['Any']::text[], array['Vehicle Owner']::text[], array['Vehicle owners whose TP is long-term (purchased 2018 or after) and need annual OD']::text[], array['New vehicle buyers needing bundled TP+OD']::text[]),
((select id from public.insurance_products where product_slug = 'new-india-mediclaim' limit 1), 'Government employees, PSU workers, senior citizens trusting PSU insurer', array['Mid-Career', 'Pre-Retirement', 'Retirement']::text[], array['Lower Income', 'Middle Income']::text[], array['Low Risk', 'PSU Trust']::text[], array['Government/PSU employees', 'senior citizens', 'non-metro population']::text[], array['Those needing premium features', 'high SI (above 15 lakh)', 'fastest claims']::text[]),
((select id from public.insurance_products where product_slug = 'new-india-floater-mediclaim' limit 1), 'Families on budget wanting reliable PSU health coverage', array['Early Family', 'Mid-Career']::text[], array['Lower Income', 'Middle Income']::text[], array['Low Risk', 'Budget-Conscious']::text[], array['Budget families in non-metros', 'government employee families']::text[], array['HNIs', 'those needing high SI', 'premium urban network']::text[]),
((select id from public.insurance_products where product_slug = 'tata-aig-medicare' limit 1), 'Frequent travellers & professionals needing global health cover', array['Young Professional', 'Self-Employed']::text[], array['Middle Income', 'Upper-Middle Income', 'High Income']::text[], array['Health + Travel Risk']::text[], array['Frequent international travellers', 'MNCs employees', 'NRIs needing global coverage']::text[], array['Domestic-only coverage seekers', 'budget-conscious buyers']::text[]),
((select id from public.insurance_products where product_slug = 'hdfc-ergo-optima-secure' limit 1), 'Individuals seeking effective doubling of health cover from day 1', array['Early Family', 'Mid-Career', 'Self-Employed']::text[], array['Middle Income', 'Upper-Middle Income', 'High Income']::text[], array['Health Risk Awareness']::text[], array['Those wanting maximum value', 'families with senior members', 'professionals with health history']::text[], array['Strict budget buyers', 'rural population']::text[]),
((select id from public.insurance_products where product_slug = 'star-health-comprehensive' limit 1), 'Families wanting widest network access with high coverage and AYUSH benefits', array['Early Family', 'Mid-Career']::text[], array['Middle Income', 'Upper-Middle Income']::text[], array['Health Risk Awareness']::text[], array['Urban families across India', 'those needing AYUSH', 'metro + Tier 2/3 coverage']::text[], array['Senior citizens (consider Star Red Carpet)', 'budget-only seekers']::text[]),
((select id from public.insurance_products where product_slug = 'star-senior-red-carpet' limit 1), 'Senior citizens aged 60-75 needing health cover without extensive medical test', array['Retirement']::text[], array['Middle Income', 'Upper-Middle Income']::text[], array['Senior Citizen Health Risk']::text[], array['Seniors 60-75 years', 'those with PED needing Year 2 coverage', 'family buying for elderly parents']::text[], array['Below 60 years (not eligible)', 'HNIs needing very high SI']::text[]),
((select id from public.insurance_products where product_slug = 'niva-bupa-reassure-2' limit 1), 'Individuals and families wanting premium health cover with price lock feature', array['Young Professional', 'Early Family']::text[], array['Upper-Middle Income', 'High Income']::text[], array['Health Risk Awareness']::text[], array['Long-term planners valuing price stability', 'urban families', 'those switching for better features']::text[], array['Strict budget buyers', 'those in Tier 3/rural needing wide physical network']::text[]),
((select id from public.insurance_products where product_slug = 'go-digit-car-comprehensive' limit 1), 'Tech-savvy car owners wanting digital-first insurance experience', array['Young Professional', 'Early Family']::text[], array['Middle Income', 'Upper-Middle Income']::text[], array['Moderate Risk', 'Tech-Savvy']::text[], array['Urban digital-first buyers', 'low-mileage drivers (PAYD option)', 'millennials']::text[], array['Older car owners (age limit 15 years)', 'those preferring traditional agent service']::text[]);

-- product_versions
insert into public.product_versions (product_id, version_no, change_type, change_summary, changed_fields, approval_status, source_type, source_reference) values
((select id from public.insurance_products where product_slug = 'lic-tech-term-854' limit 1), 1, 'imported', 'Initial seed import for LIC Tech Term (Plan 854)', '{}'::jsonb, 'approved', 'pdf_import', 'India_Insurance_Database_Supabase_Import.xlsx'),
((select id from public.insurance_products where product_slug = 'lic-jeevan-amar-855' limit 1), 1, 'imported', 'Initial seed import for LIC Jeevan Amar (Plan 855)', '{}'::jsonb, 'approved', 'pdf_import', 'India_Insurance_Database_Supabase_Import.xlsx'),
((select id from public.insurance_products where product_slug = 'lic-new-jeevan-anand-815' limit 1), 1, 'imported', 'Initial seed import for LIC New Jeevan Anand (Plan 815)', '{}'::jsonb, 'approved', 'pdf_import', 'India_Insurance_Database_Supabase_Import.xlsx'),
((select id from public.insurance_products where product_slug = 'lic-jeevan-umang-945' limit 1), 1, 'imported', 'Initial seed import for LIC Jeevan Umang (Plan 945)', '{}'::jsonb, 'approved', 'pdf_import', 'India_Insurance_Database_Supabase_Import.xlsx'),
((select id from public.insurance_products where product_slug = 'lic-money-back-20-820' limit 1), 1, 'imported', 'Initial seed import for LIC New Money Back Plan - 20 Years (Plan 820)', '{}'::jsonb, 'approved', 'pdf_import', 'India_Insurance_Database_Supabase_Import.xlsx'),
((select id from public.insurance_products where product_slug = 'lic-siip-852' limit 1), 1, 'imported', 'Initial seed import for LIC SIIP (Plan 852)', '{}'::jsonb, 'approved', 'pdf_import', 'India_Insurance_Database_Supabase_Import.xlsx'),
((select id from public.insurance_products where product_slug = 'lic-dhan-rekha-863' limit 1), 1, 'imported', 'Initial seed import for LIC Dhan Rekha (Plan 863)', '{}'::jsonb, 'approved', 'pdf_import', 'India_Insurance_Database_Supabase_Import.xlsx'),
((select id from public.insurance_products where product_slug = 'lic-jeevan-anand-149' limit 1), 1, 'imported', 'Initial seed import for Jeevan Anand (Plan 149)', '{}'::jsonb, 'approved', 'pdf_import', 'India_Insurance_Database_Supabase_Import.xlsx'),
((select id from public.insurance_products where product_slug = 'lic-jeevan-mitra-133' limit 1), 1, 'imported', 'Initial seed import for Jeevan Mitra (Plan 133)', '{}'::jsonb, 'approved', 'pdf_import', 'India_Insurance_Database_Supabase_Import.xlsx'),
((select id from public.insurance_products where product_slug = 'lic-money-plus-180' limit 1), 1, 'imported', 'Initial seed import for Money Plus (Plan 180)', '{}'::jsonb, 'approved', 'pdf_import', 'India_Insurance_Database_Supabase_Import.xlsx'),
((select id from public.insurance_products where product_slug = 'lic-bima-bachat-175' limit 1), 1, 'imported', 'Initial seed import for Bima Bachat (Plan 175)', '{}'::jsonb, 'approved', 'pdf_import', 'India_Insurance_Database_Supabase_Import.xlsx'),
((select id from public.insurance_products where product_slug = 'lic-jeevan-tarang-178' limit 1), 1, 'imported', 'Initial seed import for Jeevan Tarang (Plan 178)', '{}'::jsonb, 'approved', 'pdf_import', 'India_Insurance_Database_Supabase_Import.xlsx'),
((select id from public.insurance_products where product_slug = 'hdfc-click2protect-super' limit 1), 1, 'imported', 'Initial seed import for HDFC Life Click 2 Protect Super', '{}'::jsonb, 'approved', 'pdf_import', 'India_Insurance_Database_Supabase_Import.xlsx'),
((select id from public.insurance_products where product_slug = 'hdfc-sanchay-par-advantage' limit 1), 1, 'imported', 'Initial seed import for HDFC Life Sanchay Par Advantage', '{}'::jsonb, 'approved', 'pdf_import', 'India_Insurance_Database_Supabase_Import.xlsx'),
((select id from public.insurance_products where product_slug = 'hdfc-progrowth-plus' limit 1), 1, 'imported', 'Initial seed import for HDFC Life ProGrowth Plus', '{}'::jsonb, 'approved', 'pdf_import', 'India_Insurance_Database_Supabase_Import.xlsx'),
((select id from public.insurance_products where product_slug = 'hdfc-youngstar-super-premium' limit 1), 1, 'imported', 'Initial seed import for HDFC Life YoungStar Super Premium', '{}'::jsonb, 'approved', 'pdf_import', 'India_Insurance_Database_Supabase_Import.xlsx'),
((select id from public.insurance_products where product_slug = 'hdfc-sampoorn-samridhi-plus' limit 1), 1, 'imported', 'Initial seed import for HDFC Life Sampoorn Samridhi Plus', '{}'::jsonb, 'approved', 'pdf_import', 'India_Insurance_Database_Supabase_Import.xlsx'),
((select id from public.insurance_products where product_slug = 'hdfc-super-income-plan' limit 1), 1, 'imported', 'Initial seed import for HDFC Life Super Income Plan', '{}'::jsonb, 'approved', 'pdf_import', 'India_Insurance_Database_Supabase_Import.xlsx'),
((select id from public.insurance_products where product_slug = 'icici-pru-iprotect-smart' limit 1), 1, 'imported', 'Initial seed import for ICICI Pru iProtect Smart', '{}'::jsonb, 'approved', 'pdf_import', 'India_Insurance_Database_Supabase_Import.xlsx'),
((select id from public.insurance_products where product_slug = 'icici-pru-signature' limit 1), 1, 'imported', 'Initial seed import for ICICI Pru Signature (ULIP)', '{}'::jsonb, 'approved', 'pdf_import', 'India_Insurance_Database_Supabase_Import.xlsx'),
((select id from public.insurance_products where product_slug = 'sbi-eshield-next' limit 1), 1, 'imported', 'Initial seed import for SBI Life eShield Next', '{}'::jsonb, 'approved', 'pdf_import', 'India_Insurance_Database_Supabase_Import.xlsx'),
((select id from public.insurance_products where product_slug = 'sbi-smart-wealth-builder' limit 1), 1, 'imported', 'Initial seed import for SBI Life Smart Wealth Builder (ULIP)', '{}'::jsonb, 'approved', 'pdf_import', 'India_Insurance_Database_Supabase_Import.xlsx'),
((select id from public.insurance_products where product_slug = 'max-smart-secure-plus' limit 1), 1, 'imported', 'Initial seed import for Max Life Smart Secure Plus', '{}'::jsonb, 'approved', 'pdf_import', 'India_Insurance_Database_Supabase_Import.xlsx'),
((select id from public.insurance_products where product_slug = 'bajaj-smart-protect-goal' limit 1), 1, 'imported', 'Initial seed import for Bajaj Allianz Smart Protect Goal', '{}'::jsonb, 'approved', 'pdf_import', 'India_Insurance_Database_Supabase_Import.xlsx'),
((select id from public.insurance_products where product_slug = 'bajaj-goal-assure-ii' limit 1), 1, 'imported', 'Initial seed import for Bajaj Allianz Goal Assure II', '{}'::jsonb, 'approved', 'pdf_import', 'India_Insurance_Database_Supabase_Import.xlsx'),
((select id from public.insurance_products where product_slug = 'icici-lombard-complete-health' limit 1), 1, 'imported', 'Initial seed import for ICICI Lombard Complete Health Insurance', '{}'::jsonb, 'approved', 'pdf_import', 'India_Insurance_Database_Supabase_Import.xlsx'),
((select id from public.insurance_products where product_slug = 'icici-lombard-two-wheeler' limit 1), 1, 'imported', 'Initial seed import for ICICI Lombard Two-Wheeler Package Policy', '{}'::jsonb, 'approved', 'pdf_import', 'India_Insurance_Database_Supabase_Import.xlsx'),
((select id from public.insurance_products where product_slug = 'bajaj-health-guard' limit 1), 1, 'imported', 'Initial seed import for Bajaj Allianz Health Guard', '{}'::jsonb, 'approved', 'pdf_import', 'India_Insurance_Database_Supabase_Import.xlsx'),
((select id from public.insurance_products where product_slug = 'bajaj-motor-od' limit 1), 1, 'imported', 'Initial seed import for Bajaj Allianz Motor Own Damage (OD) Policy', '{}'::jsonb, 'approved', 'pdf_import', 'India_Insurance_Database_Supabase_Import.xlsx'),
((select id from public.insurance_products where product_slug = 'new-india-mediclaim' limit 1), 1, 'imported', 'Initial seed import for New India Mediclaim Policy', '{}'::jsonb, 'approved', 'pdf_import', 'India_Insurance_Database_Supabase_Import.xlsx'),
((select id from public.insurance_products where product_slug = 'new-india-floater-mediclaim' limit 1), 1, 'imported', 'Initial seed import for New India Floater Mediclaim', '{}'::jsonb, 'approved', 'pdf_import', 'India_Insurance_Database_Supabase_Import.xlsx'),
((select id from public.insurance_products where product_slug = 'tata-aig-medicare' limit 1), 1, 'imported', 'Initial seed import for TATA AIG MediCare', '{}'::jsonb, 'approved', 'pdf_import', 'India_Insurance_Database_Supabase_Import.xlsx'),
((select id from public.insurance_products where product_slug = 'hdfc-ergo-optima-secure' limit 1), 1, 'imported', 'Initial seed import for HDFC ERGO Optima Secure', '{}'::jsonb, 'approved', 'pdf_import', 'India_Insurance_Database_Supabase_Import.xlsx'),
((select id from public.insurance_products where product_slug = 'star-health-comprehensive' limit 1), 1, 'imported', 'Initial seed import for Star Health Comprehensive Insurance Policy', '{}'::jsonb, 'approved', 'pdf_import', 'India_Insurance_Database_Supabase_Import.xlsx'),
((select id from public.insurance_products where product_slug = 'star-senior-red-carpet' limit 1), 1, 'imported', 'Initial seed import for Star Senior Citizens Red Carpet', '{}'::jsonb, 'approved', 'pdf_import', 'India_Insurance_Database_Supabase_Import.xlsx'),
((select id from public.insurance_products where product_slug = 'niva-bupa-reassure-2' limit 1), 1, 'imported', 'Initial seed import for Niva Bupa Reassure 2.0', '{}'::jsonb, 'approved', 'pdf_import', 'India_Insurance_Database_Supabase_Import.xlsx'),
((select id from public.insurance_products where product_slug = 'go-digit-car-comprehensive' limit 1), 1, 'imported', 'Initial seed import for Go Digit Comprehensive Car Insurance', '{}'::jsonb, 'approved', 'pdf_import', 'India_Insurance_Database_Supabase_Import.xlsx'),
((select id from public.insurance_products where product_slug = 'care-supreme-health' limit 1), 1, 'imported', 'Initial seed import for Care Supreme Health Plan', '{}'::jsonb, 'approved', 'pdf_import', 'India_Insurance_Database_Supabase_Import.xlsx'),
((select id from public.insurance_products where product_slug = 'manipalcigna-prohealth-plus' limit 1), 1, 'imported', 'Initial seed import for ManipalCigna ProHealth Plus', '{}'::jsonb, 'approved', 'pdf_import', 'India_Insurance_Database_Supabase_Import.xlsx')
on conflict (product_id, version_no) do update set
change_type = excluded.change_type,
change_summary = excluded.change_summary,
changed_fields = excluded.changed_fields,
approval_status = excluded.approval_status,
source_type = excluded.source_type,
source_reference = excluded.source_reference;

commit;
